ClientID,IntakeDate,DischargeDate,Program,Region,AgeBand,AssignedWorker
C-0001,2025-12-14,,Housing Support,West,65+,W-04
C-0002,2026-02-13,,Newcomer Settlement,Central,35-44,W-08
C-0003,2026-01-26,2026-02-26,Youth Services,West,16-24,W-02
C-0004,2026-05-23,,Mental Health,East,25-34,W-07
C-0005,2026-08-15,,Housing Support,South,25-34,W-09
C-0006,2026-04-06,,Youth Services,East,25-34,W-03
C-0007,2026-03-27,,Newcomer Settlement,South,55-64,W-06
C-0008,2025-11-03,,Mental Health,East,16-24,W-09
C-0009,2026-06-18,,Newcomer Settlement,East,55-64,W-05
C-0010,2026-01-14,,Newcomer Settlement,East,35-44,W-01
C-0011,2026-04-28,2026-06-22,Mental Health,Central,35-44,W-02
C-0012,2025-11-06,2026-08-09,Youth Services,Central,55-64,W-02
C-0013,2025-11-20,,Youth Services,West,65+,W-09
C-0014,2025-10-23,,Housing Support,South,45-54,W-09
C-0015,2026-05-18,,Youth Services,East,25-34,W-05
C-0016,2025-06-16,,Housing Support,East,25-34,W-09
C-0017,2025-10-02,,Newcomer Settlement,South,35-44,W-09
C-0018,2025-12-11,,Youth Services,East,55-64,W-05
C-0019,2026-07-14,,Housing Support,East,45-54,W-09
C-0020,2026-07-17,,Housing Support,Central,55-64,W-08
C-0021,2026-02-27,,Newcomer Settlement,South,16-24,W-07
C-0022,2026-07-14,2026-08-13,Housing Support,East,35-44,W-02
C-0023,2025-07-11,2025-09-01,Youth Services,West,65+,W-06
C-0024,2025-09-08,,Housing Support,East,55-64,W-08
C-0025,2026-07-25,,Youth Services,East,16-24,W-10
C-0026,2025-12-15,2026-08-15,Newcomer Settlement,West,65+,W-10
C-0027,2025-10-28,2026-02-11,Housing Support,East,16-24,W-01
C-0028,2025-10-17,,Newcomer Settlement,North,25-34,W-06
C-0029,2026-07-28,,Newcomer Settlement,East,45-54,W-08
C-0030,2025-06-02,2026-02-25,Mental Health,East,45-54,W-03
C-0031,2025-07-15,2026-02-02,Youth Services,East,25-34,W-02
C-0032,2025-04-18,2025-08-14,Mental Health,North,35-44,W-01
C-0033,2026-04-22,,Mental Health,East,45-54,W-01
C-0034,2025-12-28,,Housing Support,Central,16-24,W-03
C-0035,2025-11-04,,Mental Health,Central,25-34,W-03
C-0036,2025-08-13,2026-04-12,Mental Health,South,16-24,W-09
C-0037,2025-06-01,,Mental Health,East,25-34,W-02
C-0038,2025-07-28,2025-10-13,Newcomer Settlement,Central,35-44,W-07
C-0039,2026-06-01,,Mental Health,West,65+,W-06
C-0040,2025-09-28,,Newcomer Settlement,East,35-44,W-02
C-0041,2025-08-22,,Youth Services,East,16-24,W-05
C-0042,2026-03-10,,Mental Health,North,25-34,W-07
C-0043,2026-03-17,,Housing Support,West,16-24,W-02
C-0044,2025-08-20,,Mental Health,North,65+,W-03
C-0045,2025-05-03,2025-10-11,Housing Support,East,16-24,W-02
C-0046,2025-09-06,2026-07-20,Housing Support,East,65+,W-06
C-0047,2025-11-20,,Housing Support,West,35-44,W-07
C-0048,2025-07-20,,Housing Support,East,45-54,W-02
C-0049,2026-06-15,,Youth Services,Central,25-34,W-05
C-0050,2025-09-30,2026-06-10,Newcomer Settlement,Central,25-34,W-06
C-0051,2026-08-04,,Housing Support,Central,25-34,W-07
C-0052,2026-07-07,,Housing Support,North,16-24,W-02
C-0053,2025-06-02,2025-09-04,Housing Support,East,35-44,W-05
C-0054,2026-01-22,,Housing Support,South,25-34,W-07
C-0055,2026-05-02,,Youth Services,North,45-54,W-09
C-0056,2025-10-21,,Youth Services,Central,25-34,W-01
C-0057,2025-12-02,2026-06-11,Housing Support,North,35-44,W-02
C-0058,2026-01-09,,Newcomer Settlement,Central,25-34,W-09
C-0059,2025-09-10,2025-10-15,Youth Services,West,25-34,W-01
C-0060,2026-03-14,,Newcomer Settlement,North,45-54,W-07
C-0061,2025-10-02,,Youth Services,South,55-64,W-06
C-0062,2025-10-09,2026-06-30,Newcomer Settlement,East,35-44,W-10
C-0063,2025-06-21,,Housing Support,North,55-64,W-06
C-0064,2026-06-02,,Newcomer Settlement,East,16-24,W-03
C-0065,2025-10-08,,Housing Support,South,45-54,W-02
C-0066,2025-04-10,,Newcomer Settlement,Central,45-54,W-05
C-0067,2026-08-03,,Mental Health,Central,35-44,W-03
C-0068,2025-05-24,2026-01-08,Newcomer Settlement,South,25-34,W-01
C-0069,2026-03-06,,Youth Services,North,25-34,W-09
C-0070,2025-06-08,,Housing Support,North,45-54,W-01
C-0071,2026-02-26,,Newcomer Settlement,South,45-54,W-09
C-0072,2025-12-21,2026-06-30,Housing Support,East,16-24,W-02
C-0073,2026-06-26,,Mental Health,West,55-64,W-02
C-0074,2025-07-20,,Mental Health,East,25-34,W-02
C-0075,2025-12-05,2026-02-10,Newcomer Settlement,South,35-44,W-02
C-0076,2026-07-10,,Mental Health,East,55-64,W-08
C-0077,2025-09-24,2025-12-07,Newcomer Settlement,Central,45-54,W-05
C-0078,2025-07-25,2026-04-02,Youth Services,East,25-34,W-08
C-0079,2025-06-30,2026-03-24,Mental Health,South,45-54,W-06
C-0080,2025-09-27,2026-05-10,Youth Services,North,25-34,W-10
C-0081,2025-06-05,2025-12-20,Youth Services,Central,25-34,W-08
C-0082,2026-01-05,,Housing Support,South,65+,W-09
C-0083,2025-08-16,2026-05-07,Youth Services,West,25-34,W-09
C-0084,2026-03-12,2026-05-29,Youth Services,West,55-64,W-09
C-0085,2025-11-04,2026-05-22,Mental Health,North,25-34,W-03
C-0086,2026-01-12,,Housing Support,North,35-44,W-10
C-0087,2026-05-04,,Mental Health,Central,35-44,W-01
C-0088,2025-07-22,,Housing Support,West,65+,W-06
C-0089,2025-07-17,,Housing Support,East,35-44,W-06
C-0090,2026-03-21,2026-04-25,Housing Support,Central,16-24,W-04
C-0091,2025-07-15,,Newcomer Settlement,North,25-34,W-10
C-0092,2025-12-24,,Mental Health,East,16-24,W-05
C-0093,2025-04-23,2026-02-09,Newcomer Settlement,Central,65+,W-08
C-0094,2025-09-22,2026-04-02,Youth Services,West,25-34,W-06
C-0095,2025-04-19,,Newcomer Settlement,North,35-44,W-06
C-0096,2026-04-22,,Housing Support,South,55-64,W-07
C-0097,2026-01-23,,Housing Support,Central,45-54,W-09
C-0098,2026-04-28,,Youth Services,Central,35-44,W-09
C-0099,2026-01-31,2026-08-11,Newcomer Settlement,West,25-34,W-02
C-0100,2026-06-17,,Newcomer Settlement,West,65+,W-09
C-0101,2025-10-14,,Mental Health,Central,65+,W-01
C-0102,2025-07-17,2026-05-12,Mental Health,North,16-24,W-05
C-0103,2026-04-02,,Youth Services,West,55-64,W-06
C-0104,2025-10-18,,Newcomer Settlement,West,16-24,W-10
C-0105,2026-08-15,,Mental Health,North,45-54,W-10
C-0106,2026-03-08,,Housing Support,South,25-34,W-03
C-0107,2026-08-07,,Housing Support,South,25-34,W-03
C-0108,2026-04-20,2026-08-06,Youth Services,East,35-44,W-09
C-0109,2025-09-01,2026-04-05,Newcomer Settlement,Central,16-24,W-07
C-0110,2025-09-14,2026-07-01,Housing Support,North,16-24,W-02
C-0111,2026-06-07,,Mental Health,Central,25-34,W-01
C-0112,2025-07-07,,Housing Support,North,45-54,W-04
C-0113,2025-06-27,2026-04-06,Newcomer Settlement,North,16-24,W-07
C-0114,2025-11-22,,Youth Services,West,65+,W-08
C-0115,2026-01-12,,Newcomer Settlement,North,55-64,W-04
C-0116,2025-05-11,2025-08-29,Housing Support,North,16-24,W-07
C-0117,2026-07-30,,Housing Support,East,35-44,W-03
C-0118,2026-07-12,,Youth Services,South,45-54,W-07
C-0119,2025-12-23,2026-06-10,Housing Support,Central,35-44,W-03
C-0120,2025-06-13,,Housing Support,Central,25-34,W-10
C-0121,2025-04-25,,Youth Services,West,25-34,W-05
C-0122,2025-05-11,2025-12-04,Newcomer Settlement,East,45-54,W-09
C-0123,2026-05-22,2026-07-10,Newcomer Settlement,North,16-24,W-09
C-0124,2026-01-14,,Newcomer Settlement,West,35-44,W-03
C-0125,2025-06-08,2026-01-24,Newcomer Settlement,North,35-44,W-05
C-0126,2025-04-24,,Housing Support,North,35-44,W-02
C-0127,2026-06-13,,Youth Services,West,25-34,W-08
C-0128,2026-04-03,,Housing Support,West,25-34,W-09
C-0129,2025-09-08,2026-06-15,Newcomer Settlement,South,16-24,W-04
C-0130,2026-01-27,,Youth Services,East,16-24,W-04
C-0131,2025-04-18,,Mental Health,Central,25-34,W-09
C-0132,2026-04-28,2026-06-10,Housing Support,South,55-64,W-03
C-0133,2025-06-02,,Newcomer Settlement,Central,35-44,W-09
C-0134,2025-10-25,,Housing Support,Central,45-54,W-07
C-0135,2025-04-03,2025-05-29,Mental Health,South,45-54,W-09
C-0136,2025-10-09,2026-02-01,Housing Support,Central,16-24,W-09
C-0137,2025-11-16,,Housing Support,North,65+,W-08
C-0138,2025-12-20,,Newcomer Settlement,North,65+,W-04
C-0139,2026-08-11,,Youth Services,North,35-44,W-05
C-0140,2025-08-25,,Housing Support,North,55-64,W-02
C-0141,2026-04-08,,Newcomer Settlement,East,35-44,W-09
C-0142,2026-05-25,,Housing Support,South,25-34,W-02
C-0143,2025-04-08,2026-02-16,Housing Support,North,45-54,W-03
C-0144,2025-06-24,,Housing Support,East,25-34,W-05
C-0145,2026-03-02,2026-05-18,Newcomer Settlement,North,16-24,W-03
C-0146,2026-01-16,,Newcomer Settlement,Central,55-64,W-08
C-0147,2025-06-16,,Newcomer Settlement,South,35-44,W-02
C-0148,2026-05-22,,Housing Support,West,45-54,W-06
C-0149,2025-09-30,2025-11-09,Mental Health,West,25-34,W-07
C-0150,2026-07-28,,Newcomer Settlement,North,45-54,W-01
C-0151,2025-09-23,,Newcomer Settlement,North,25-34,W-02
C-0152,2025-11-28,,Housing Support,North,65+,W-08
C-0153,2025-06-05,2026-04-01,Housing Support,South,25-34,W-05
C-0154,2026-02-06,2026-05-24,Housing Support,South,35-44,W-08
C-0155,2025-05-20,2025-12-02,Youth Services,East,16-24,W-07
C-0156,2025-11-11,,Newcomer Settlement,West,55-64,W-05
C-0157,2026-02-13,2026-08-13,Mental Health,Central,45-54,W-02
C-0158,2025-04-16,2025-10-13,Youth Services,West,45-54,W-07
C-0159,2026-03-21,,Housing Support,North,16-24,W-07
C-0160,2025-09-19,,Housing Support,South,35-44,W-05
C-0161,2026-01-01,,Newcomer Settlement,West,25-34,W-08
C-0162,2025-12-17,2026-04-26,Housing Support,South,55-64,W-10
C-0163,2025-10-10,,Housing Support,West,35-44,W-01
C-0164,2025-12-20,2026-06-20,Youth Services,Central,25-34,W-09
C-0165,2026-07-30,,Newcomer Settlement,South,45-54,W-10
C-0166,2026-05-31,,Mental Health,West,35-44,W-01
C-0167,2025-11-06,2026-06-10,Mental Health,Central,45-54,W-09
C-0168,2025-09-30,,Youth Services,Central,16-24,W-04
C-0169,2025-12-08,,Housing Support,East,45-54,W-07
C-0170,2025-10-09,2025-12-21,Mental Health,Central,16-24,W-07
C-0171,2026-02-02,,Housing Support,Central,35-44,W-07
C-0172,2025-09-07,,Housing Support,North,16-24,W-06
C-0173,2025-11-22,,Youth Services,North,16-24,W-04
C-0174,2026-01-09,,Newcomer Settlement,South,16-24,W-02
C-0175,2025-06-16,2025-09-04,Mental Health,Central,35-44,W-07
C-0176,2025-06-07,2026-03-01,Youth Services,East,65+,W-08
C-0177,2025-11-16,2026-02-04,Mental Health,Central,25-34,W-07
C-0178,2025-08-09,,Youth Services,East,25-34,W-06
C-0179,2025-04-06,,Newcomer Settlement,West,45-54,W-05
C-0180,2025-11-09,,Youth Services,West,25-34,W-02
C-0181,2026-02-19,2026-08-03,Mental Health,South,55-64,W-10
C-0182,2026-04-15,,Housing Support,East,35-44,W-05
C-0183,2026-02-07,,Housing Support,South,45-54,W-05
C-0184,2026-07-22,,Housing Support,East,16-24,W-09
C-0185,2025-08-14,2026-01-17,Housing Support,North,16-24,W-10
C-0186,2025-09-10,,Mental Health,Central,16-24,W-06
C-0187,2025-11-04,,Mental Health,West,45-54,W-06
C-0188,2025-11-07,,Newcomer Settlement,East,25-34,W-07
C-0189,2026-04-25,,Mental Health,Central,45-54,W-01
C-0190,2025-11-25,2026-01-05,Mental Health,Central,25-34,W-09
C-0191,2025-05-30,,Youth Services,East,25-34,W-05
C-0192,2025-07-21,2025-12-15,Housing Support,North,45-54,W-10
C-0193,2025-05-23,,Mental Health,East,35-44,W-01
C-0194,2025-05-26,,Housing Support,South,45-54,W-02
C-0195,2026-05-12,,Newcomer Settlement,Central,55-64,W-07
C-0196,2025-11-12,,Housing Support,East,16-24,W-05
C-0197,2025-10-07,,Mental Health,Central,25-34,W-01
C-0198,2025-06-16,2026-04-16,Mental Health,North,25-34,W-01
C-0199,2026-08-08,,Housing Support,Central,25-34,W-03
C-0200,2025-08-26,,Youth Services,North,16-24,W-04
C-0201,2026-04-15,2026-07-31,Housing Support,North,16-24,W-05
C-0202,2025-05-23,2026-01-05,Housing Support,North,25-34,W-02
C-0203,2025-04-06,2025-06-22,Newcomer Settlement,South,16-24,W-06
C-0204,2025-09-03,,Housing Support,North,35-44,W-04
C-0205,2025-09-26,,Mental Health,Central,16-24,W-04
C-0206,2026-03-16,2026-08-21,Mental Health,East,35-44,W-04
C-0207,2025-07-01,,Housing Support,East,55-64,W-10
C-0208,2025-08-25,,Housing Support,Central,16-24,W-09
C-0209,2026-07-23,,Mental Health,East,55-64,W-05
C-0210,2025-11-19,2026-02-09,Housing Support,North,16-24,W-07
C-0211,2025-09-09,2025-12-15,Housing Support,Central,45-54,W-01
C-0212,2025-08-28,,Newcomer Settlement,North,16-24,W-04
C-0213,2025-04-06,2025-10-14,Newcomer Settlement,North,35-44,W-06
C-0214,2025-12-12,,Housing Support,Central,45-54,W-09
C-0215,2025-07-22,2026-04-30,Youth Services,Central,35-44,W-07
C-0216,2026-02-28,,Housing Support,North,65+,W-09
C-0217,2025-09-24,,Youth Services,East,45-54,W-01
C-0218,2026-07-22,,Mental Health,West,16-24,W-03
C-0219,2025-11-29,2026-06-29,Newcomer Settlement,Central,25-34,W-04
C-0220,2026-02-25,2026-07-14,Mental Health,East,45-54,W-02
C-0221,2026-08-11,,Housing Support,South,25-34,W-03
C-0222,2026-03-26,,Newcomer Settlement,North,45-54,W-05
C-0223,2025-11-10,,Mental Health,North,25-34,W-06
C-0224,2026-02-06,,Newcomer Settlement,East,45-54,W-08
C-0225,2025-09-10,,Housing Support,South,55-64,W-06
C-0226,2026-06-13,,Mental Health,North,25-34,W-04
C-0227,2025-07-25,,Youth Services,West,35-44,W-08
C-0228,2025-08-19,,Housing Support,West,55-64,W-02
C-0229,2025-08-20,,Youth Services,Central,25-34,W-02
C-0230,2026-06-30,,Youth Services,East,25-34,W-02
C-0231,2026-03-18,2026-05-15,Housing Support,East,16-24,W-06
C-0232,2026-07-12,,Newcomer Settlement,South,45-54,W-01
C-0233,2026-07-11,,Youth Services,Central,25-34,W-09
C-0234,2026-04-15,,Youth Services,North,45-54,W-07
C-0235,2025-10-18,,Housing Support,West,25-34,W-09
C-0236,2026-04-14,,Youth Services,North,55-64,W-01
C-0237,2026-02-19,2026-03-31,Youth Services,East,45-54,W-10
C-0238,2025-11-14,,Newcomer Settlement,North,45-54,W-03
C-0239,2026-08-10,,Mental Health,East,16-24,W-05
C-0240,2025-12-14,,Mental Health,West,16-24,W-07
C-0241,2025-10-22,,Newcomer Settlement,Central,25-34,W-04
C-0242,2025-05-12,2025-06-25,Mental Health,South,25-34,W-01
C-0243,2025-09-04,2026-01-17,Housing Support,North,16-24,W-03
C-0244,2026-04-22,2026-07-05,Mental Health,Central,35-44,W-06
C-0245,2025-07-01,,Newcomer Settlement,South,16-24,W-03
C-0246,2025-04-22,,Mental Health,North,16-24,W-10
C-0247,2025-11-17,2026-06-08,Newcomer Settlement,Central,35-44,W-03
C-0248,2026-02-11,,Youth Services,North,55-64,W-04
C-0249,2025-05-02,,Housing Support,Central,45-54,W-02
C-0250,2025-06-02,2025-09-01,Mental Health,North,35-44,W-10
C-0251,2026-07-13,,Youth Services,Central,45-54,W-08
C-0252,2025-09-08,2026-03-17,Newcomer Settlement,North,25-34,W-04
C-0253,2025-05-20,2026-01-17,Newcomer Settlement,Central,35-44,W-06
C-0254,2025-07-10,2025-09-24,Youth Services,North,16-24,W-03
C-0255,2025-07-24,,Mental Health,West,25-34,W-03
C-0256,2025-06-27,,Mental Health,Central,55-64,W-03
C-0257,2026-04-10,,Housing Support,Central,45-54,W-05
C-0258,2025-06-19,2025-12-16,Housing Support,North,16-24,W-04
C-0259,2026-03-21,,Newcomer Settlement,Central,45-54,W-10
C-0260,2025-10-04,2025-12-03,Youth Services,Central,35-44,W-09
C-0261,2026-01-27,,Newcomer Settlement,East,25-34,W-06
C-0262,2026-07-10,,Housing Support,Central,25-34,W-03
C-0263,2025-07-01,2026-02-02,Mental Health,Central,25-34,W-04
C-0264,2025-11-27,,Newcomer Settlement,Central,16-24,W-08
C-0265,2025-04-17,,Mental Health,North,45-54,W-10
C-0266,2025-05-26,2025-09-30,Mental Health,East,25-34,W-01
C-0267,2025-04-11,2025-08-28,Mental Health,East,65+,W-10
C-0268,2026-07-06,,Mental Health,South,35-44,W-07
C-0269,2026-06-15,2026-08-17,Newcomer Settlement,North,65+,W-06
C-0270,2026-04-10,,Housing Support,Central,25-34,W-08
C-0271,2026-04-07,,Newcomer Settlement,Central,35-44,W-02
C-0272,2026-07-09,,Housing Support,South,35-44,W-02
C-0273,2026-01-09,,Mental Health,West,65+,W-01
C-0274,2025-09-14,2025-12-08,Youth Services,South,16-24,W-01
C-0275,2025-09-27,2025-12-21,Housing Support,South,16-24,W-06
C-0276,2025-05-31,2026-03-29,Newcomer Settlement,Central,35-44,W-05
C-0277,2026-05-19,,Newcomer Settlement,North,16-24,W-01
C-0278,2025-06-08,,Newcomer Settlement,Central,25-34,W-02
C-0279,2025-10-09,,Newcomer Settlement,West,55-64,W-03
C-0280,2026-07-27,,Housing Support,Central,45-54,W-04
C-0281,2026-07-05,,Mental Health,East,35-44,W-01
C-0282,2025-04-07,2025-08-02,Housing Support,South,25-34,W-06
C-0283,2025-06-17,2026-03-02,Housing Support,East,55-64,W-02
C-0284,2025-06-20,,Youth Services,Central,35-44,W-08
C-0285,2026-04-10,,Housing Support,East,16-24,W-08
C-0286,2026-02-08,2026-04-05,Housing Support,West,25-34,W-05
C-0287,2025-10-04,,Mental Health,North,25-34,W-06
C-0288,2026-03-23,2026-08-04,Mental Health,East,55-64,W-10
C-0289,2026-01-04,,Housing Support,East,16-24,W-10
C-0290,2025-08-09,2026-02-11,Mental Health,Central,16-24,W-04
C-0291,2025-04-14,2026-02-14,Mental Health,South,55-64,W-03
C-0292,2025-10-17,,Newcomer Settlement,Central,35-44,W-07
C-0293,2026-07-28,,Mental Health,East,25-34,W-01
C-0294,2025-12-25,2026-05-31,Mental Health,East,16-24,W-03
C-0295,2026-02-15,,Housing Support,East,35-44,W-04
C-0296,2026-04-03,,Youth Services,North,16-24,W-10
C-0297,2026-05-08,2026-06-18,Mental Health,North,45-54,W-03
C-0298,2025-04-07,,Housing Support,North,16-24,W-07
C-0299,2025-06-14,,Newcomer Settlement,East,25-34,W-08
C-0300,2025-04-27,,Mental Health,West,45-54,W-05
