ReferralID,ReferralDate,ClientID,Program,Source,Outcome
R-0001,2024-12-25,C-0291,Mental Health,Hospital,Enrolled
R-0002,2024-12-29,C-0267,Mental Health,School,Enrolled
R-0003,2025-01-23,C-0265,Mental Health,Family doctor,Enrolled
R-0004,2025-01-29,C-0135,Mental Health,Community agency,Enrolled
R-0005,2025-01-30,C-0298,Housing Support,School,Enrolled
R-0006,2025-02-02,,Mental Health,Community agency,Declined
R-0007,2025-02-07,C-0037,Mental Health,School,Enrolled
R-0008,2025-02-20,C-0126,Housing Support,Family doctor,Enrolled
R-0009,2025-02-21,C-0282,Housing Support,Shelter,Enrolled
R-0010,2025-02-23,,Housing Support,Family doctor,Withdrawn
R-0011,2025-02-26,,Newcomer Settlement,Shelter,Withdrawn
R-0012,2025-02-26,C-0045,Housing Support,Hospital,Enrolled
R-0013,2025-02-27,C-0300,Mental Health,Hospital,Enrolled
R-0014,2025-02-28,C-0131,Mental Health,Self-referral,Enrolled
R-0015,2025-03-03,C-0032,Mental Health,Community agency,Enrolled
R-0016,2025-03-04,,Youth Services,Shelter,Withdrawn
R-0017,2025-03-12,C-0079,Mental Health,Family doctor,Enrolled
R-0018,2025-03-13,C-0030,Mental Health,Hospital,Enrolled
R-0019,2025-03-14,C-0179,Newcomer Settlement,Shelter,Enrolled
R-0020,2025-03-15,C-0143,Housing Support,Self-referral,Enrolled
R-0021,2025-03-18,C-0066,Newcomer Settlement,Hospital,Enrolled
R-0022,2025-03-19,C-0102,Mental Health,School,Enrolled
R-0023,2025-03-19,C-0213,Newcomer Settlement,Shelter,Enrolled
R-0024,2025-03-20,C-0242,Mental Health,Self-referral,Enrolled
R-0025,2025-03-21,C-0116,Housing Support,Self-referral,Enrolled
R-0026,2025-03-22,C-0246,Mental Health,Hospital,Enrolled
R-0027,2025-03-23,C-0193,Mental Health,Hospital,Enrolled
R-0028,2025-03-24,C-0250,Mental Health,Community agency,Enrolled
R-0029,2025-03-25,C-0093,Newcomer Settlement,Hospital,Enrolled
R-0030,2025-03-26,C-0203,Newcomer Settlement,Self-referral,Enrolled
R-0031,2025-03-27,C-0121,Youth Services,Self-referral,Enrolled
R-0032,2025-03-28,C-0266,Mental Health,Self-referral,Enrolled
R-0033,2025-03-31,,Housing Support,School,Declined
R-0034,2025-04-01,C-0053,Housing Support,Family doctor,Enrolled
R-0035,2025-04-01,C-0158,Youth Services,Self-referral,Enrolled
R-0036,2025-04-02,C-0095,Newcomer Settlement,Hospital,Enrolled
R-0037,2025-04-04,C-0074,Mental Health,Community agency,Enrolled
R-0038,2025-04-04,C-0194,Housing Support,Hospital,Enrolled
R-0039,2025-04-08,C-0198,Mental Health,Shelter,Enrolled
R-0040,2025-04-11,C-0255,Mental Health,Community agency,Enrolled
R-0041,2025-04-14,,Youth Services,Community agency,Declined
R-0042,2025-04-15,C-0122,Newcomer Settlement,Self-referral,Enrolled
R-0043,2025-04-16,C-0153,Housing Support,Self-referral,Enrolled
R-0044,2025-04-19,C-0175,Mental Health,Family doctor,Enrolled
R-0045,2025-04-20,C-0249,Housing Support,School,Enrolled
R-0046,2025-04-20,C-0258,Housing Support,Community agency,Enrolled
R-0047,2025-04-23,C-0256,Mental Health,Family doctor,Enrolled
R-0048,2025-04-25,C-0176,Youth Services,Self-referral,Enrolled
R-0049,2025-04-26,C-0063,Housing Support,Family doctor,Enrolled
R-0050,2025-04-29,C-0120,Housing Support,Community agency,Enrolled
R-0051,2025-05-09,C-0068,Newcomer Settlement,Hospital,Enrolled
R-0052,2025-05-09,C-0125,Newcomer Settlement,Hospital,Enrolled
R-0053,2025-05-09,C-0253,Newcomer Settlement,Self-referral,Enrolled
R-0054,2025-05-10,C-0155,Youth Services,School,Enrolled
R-0055,2025-05-11,C-0202,Housing Support,Community agency,Enrolled
R-0056,2025-05-13,C-0278,Newcomer Settlement,Family doctor,Enrolled
R-0057,2025-05-15,,Housing Support,School,Withdrawn
R-0058,2025-05-15,C-0089,Housing Support,Shelter,Enrolled
R-0059,2025-05-15,C-0191,Youth Services,Shelter,Enrolled
R-0060,2025-05-16,C-0081,Youth Services,Hospital,Enrolled
R-0061,2025-05-18,C-0133,Newcomer Settlement,Shelter,Enrolled
R-0062,2025-05-18,C-0276,Newcomer Settlement,Family doctor,Enrolled
R-0063,2025-05-20,C-0290,Mental Health,Self-referral,Enrolled
R-0064,2025-05-21,C-0016,Housing Support,Hospital,Enrolled
R-0065,2025-05-23,C-0112,Housing Support,Shelter,Enrolled
R-0066,2025-05-23,C-0299,Newcomer Settlement,Community agency,Enrolled
R-0067,2025-05-24,,Youth Services,Hospital,Withdrawn
R-0068,2025-05-24,C-0070,Housing Support,School,Enrolled
R-0069,2025-05-25,C-0044,Mental Health,School,Enrolled
R-0070,2025-05-27,,Youth Services,Community agency,Declined
R-0071,2025-05-28,C-0113,Newcomer Settlement,Self-referral,Enrolled
R-0072,2025-05-29,C-0147,Newcomer Settlement,Hospital,Enrolled
R-0073,2025-06-02,C-0207,Housing Support,Hospital,Enrolled
R-0074,2025-06-04,C-0284,Youth Services,Family doctor,Enrolled
R-0075,2025-06-05,,Newcomer Settlement,Community agency,Declined
R-0076,2025-06-05,C-0283,Housing Support,Community agency,Enrolled
R-0077,2025-06-06,C-0263,Mental Health,Hospital,Enrolled
R-0078,2025-06-07,C-0144,Housing Support,Self-referral,Enrolled
R-0079,2025-06-07,C-0254,Youth Services,Hospital,Enrolled
R-0080,2025-06-09,C-0205,Mental Health,Shelter,Enrolled
R-0081,2025-06-09,C-0245,Newcomer Settlement,Shelter,Enrolled
R-0082,2025-06-12,C-0023,Youth Services,School,Enrolled
R-0083,2025-06-17,,Housing Support,Self-referral,Declined
R-0084,2025-06-17,C-0078,Youth Services,Self-referral,Enrolled
R-0085,2025-06-18,C-0036,Mental Health,Community agency,Enrolled
R-0086,2025-06-22,C-0088,Housing Support,School,Enrolled
R-0087,2025-06-26,,Newcomer Settlement,Family doctor,Withdrawn
R-0088,2025-07-02,C-0038,Newcomer Settlement,School,Enrolled
R-0089,2025-07-02,C-0046,Housing Support,School,Enrolled
R-0090,2025-07-02,C-0192,Housing Support,Hospital,Enrolled
R-0091,2025-07-02,C-0204,Housing Support,Self-referral,Enrolled
R-0092,2025-07-03,C-0227,Youth Services,School,Enrolled
R-0093,2025-07-04,C-0186,Mental Health,Hospital,Enrolled
R-0094,2025-07-05,C-0048,Housing Support,Shelter,Enrolled
R-0095,2025-07-06,C-0211,Housing Support,School,Enrolled
R-0096,2025-07-07,C-0178,Youth Services,Shelter,Enrolled
R-0097,2025-07-09,C-0031,Youth Services,Family doctor,Enrolled
R-0098,2025-07-09,C-0091,Newcomer Settlement,Shelter,Enrolled
R-0099,2025-07-10,C-0024,Housing Support,Shelter,Enrolled
R-0100,2025-07-11,C-0140,Housing Support,School,Enrolled
R-0101,2025-07-11,C-0243,Housing Support,Family doctor,Enrolled
R-0102,2025-07-15,C-0041,Youth Services,Hospital,Enrolled
R-0103,2025-07-15,C-0215,Youth Services,Community agency,Enrolled
R-0104,2025-07-19,,Housing Support,Hospital,Declined
R-0105,2025-07-20,C-0170,Mental Health,Hospital,Enrolled
R-0106,2025-07-24,C-0085,Mental Health,Self-referral,Enrolled
R-0107,2025-07-25,C-0083,Youth Services,Hospital,Enrolled
R-0108,2025-07-25,C-0185,Housing Support,Hospital,Enrolled
R-0109,2025-07-25,C-0208,Housing Support,Self-referral,Enrolled
R-0110,2025-07-26,,Housing Support,Self-referral,Declined
R-0111,2025-07-27,C-0172,Housing Support,Hospital,Enrolled
R-0112,2025-07-28,C-0229,Youth Services,Shelter,Enrolled
R-0113,2025-07-29,C-0197,Mental Health,Hospital,Enrolled
R-0114,2025-07-31,C-0200,Youth Services,Hospital,Enrolled
R-0115,2025-08-02,C-0274,Youth Services,School,Enrolled
R-0116,2025-08-03,C-0228,Housing Support,School,Enrolled
R-0117,2025-08-07,,Newcomer Settlement,Community agency,Declined
R-0118,2025-08-08,C-0225,Housing Support,School,Enrolled
R-0119,2025-08-09,C-0110,Housing Support,Community agency,Enrolled
R-0120,2025-08-09,C-0223,Mental Health,School,Enrolled
R-0121,2025-08-10,,Youth Services,Family doctor,Declined
R-0122,2025-08-11,C-0235,Housing Support,Self-referral,Enrolled
R-0123,2025-08-14,,Newcomer Settlement,Community agency,Withdrawn
R-0124,2025-08-15,C-0217,Youth Services,Family doctor,Enrolled
R-0125,2025-08-16,C-0129,Newcomer Settlement,School,Enrolled
R-0126,2025-08-18,,Mental Health,Community agency,Withdrawn
R-0127,2025-08-20,C-0252,Newcomer Settlement,Hospital,Enrolled
R-0128,2025-08-20,C-0287,Mental Health,Community agency,Enrolled
R-0129,2025-08-22,C-0014,Housing Support,Self-referral,Enrolled
R-0130,2025-08-24,C-0094,Youth Services,Shelter,Enrolled
R-0131,2025-08-24,C-0212,Newcomer Settlement,Self-referral,Enrolled
R-0132,2025-08-25,C-0008,Mental Health,School,Enrolled
R-0133,2025-08-27,C-0035,Mental Health,Self-referral,Enrolled
R-0134,2025-08-28,,Youth Services,Family doctor,Declined
R-0135,2025-08-29,C-0109,Newcomer Settlement,Family doctor,Enrolled
R-0136,2025-08-30,C-0077,Newcomer Settlement,Community agency,Enrolled
R-0137,2025-08-31,,Mental Health,Self-referral,Withdrawn
R-0138,2025-08-31,C-0059,Youth Services,Hospital,Enrolled
R-0139,2025-08-31,C-0065,Housing Support,Shelter,Enrolled
R-0140,2025-08-31,C-0160,Housing Support,Shelter,Enrolled
R-0141,2025-09-01,C-0149,Mental Health,Community agency,Enrolled
R-0142,2025-09-02,C-0017,Newcomer Settlement,Family doctor,Enrolled
R-0143,2025-09-04,,Mental Health,Self-referral,Declined
R-0144,2025-09-09,C-0080,Youth Services,Self-referral,Enrolled
R-0145,2025-09-09,C-0136,Housing Support,Community agency,Enrolled
R-0146,2025-09-09,C-0168,Youth Services,Self-referral,Enrolled
R-0147,2025-09-09,C-0275,Housing Support,Shelter,Enrolled
R-0148,2025-09-11,C-0101,Mental Health,Shelter,Enrolled
R-0149,2025-09-12,C-0061,Youth Services,School,Enrolled
R-0150,2025-09-13,C-0050,Newcomer Settlement,Shelter,Enrolled
R-0151,2025-09-15,C-0151,Newcomer Settlement,School,Enrolled
R-0152,2025-09-16,C-0047,Housing Support,Community agency,Enrolled
R-0153,2025-09-16,C-0137,Housing Support,Family doctor,Enrolled
R-0154,2025-09-17,C-0028,Newcomer Settlement,Self-referral,Enrolled
R-0155,2025-09-19,C-0027,Housing Support,School,Enrolled
R-0156,2025-09-19,C-0062,Newcomer Settlement,Shelter,Enrolled
R-0157,2025-09-20,C-0163,Housing Support,Self-referral,Enrolled
R-0158,2025-09-22,C-0040,Newcomer Settlement,School,Enrolled
R-0159,2025-09-22,C-0104,Newcomer Settlement,Community agency,Enrolled
R-0160,2025-09-23,C-0294,Mental Health,Community agency,Enrolled
R-0161,2025-09-24,C-0167,Mental Health,School,Enrolled
R-0162,2025-09-24,C-0196,Housing Support,Self-referral,Enrolled
R-0163,2025-09-26,C-0260,Youth Services,Self-referral,Enrolled
R-0164,2025-09-28,C-0279,Newcomer Settlement,Hospital,Enrolled
R-0165,2025-09-29,C-0240,Mental Health,Hospital,Enrolled
R-0166,2025-10-02,C-0273,Mental Health,Hospital,Enrolled
R-0167,2025-10-03,C-0134,Housing Support,Shelter,Enrolled
R-0168,2025-10-04,C-0057,Housing Support,Self-referral,Enrolled
R-0169,2025-10-09,C-0187,Mental Health,Self-referral,Enrolled
R-0170,2025-10-10,C-0056,Youth Services,Community agency,Enrolled
R-0171,2025-10-11,,Youth Services,Shelter,Declined
R-0172,2025-10-11,C-0241,Newcomer Settlement,Community agency,Enrolled
R-0173,2025-10-12,,Newcomer Settlement,School,Declined
R-0174,2025-10-14,C-0156,Newcomer Settlement,Self-referral,Enrolled
R-0175,2025-10-14,C-0292,Newcomer Settlement,Family doctor,Enrolled
R-0176,2025-10-17,C-0188,Newcomer Settlement,Hospital,Enrolled
R-0177,2025-10-18,C-0119,Housing Support,Family doctor,Enrolled
R-0178,2025-10-20,C-0012,Youth Services,Family doctor,Enrolled
R-0179,2025-10-20,C-0114,Youth Services,Self-referral,Enrolled
R-0180,2025-10-24,C-0210,Housing Support,Community agency,Enrolled
R-0181,2025-10-27,C-0177,Mental Health,Self-referral,Enrolled
R-0182,2025-10-28,C-0247,Newcomer Settlement,School,Enrolled
R-0183,2025-10-29,C-0180,Youth Services,School,Enrolled
R-0184,2025-10-30,C-0173,Youth Services,Self-referral,Enrolled
R-0185,2025-10-31,C-0013,Youth Services,Self-referral,Enrolled
R-0186,2025-10-31,C-0018,Youth Services,Shelter,Enrolled
R-0187,2025-10-31,C-0169,Housing Support,Hospital,Enrolled
R-0188,2025-11-01,C-0264,Newcomer Settlement,Self-referral,Enrolled
R-0189,2025-11-02,C-0072,Housing Support,Community agency,Enrolled
R-0190,2025-11-02,C-0190,Mental Health,School,Enrolled
R-0191,2025-11-04,C-0001,Housing Support,Community agency,Enrolled
R-0192,2025-11-06,,Mental Health,Hospital,Withdrawn
R-0193,2025-11-06,C-0238,Newcomer Settlement,Self-referral,Enrolled
R-0194,2025-11-08,C-0152,Housing Support,Self-referral,Enrolled
R-0195,2025-11-12,,Housing Support,School,Withdrawn
R-0196,2025-11-14,,Newcomer Settlement,Self-referral,Declined
R-0197,2025-11-16,,Youth Services,Shelter,Declined
R-0198,2025-11-18,C-0162,Housing Support,Self-referral,Enrolled
R-0199,2025-11-19,C-0092,Mental Health,Community agency,Enrolled
R-0200,2025-11-19,C-0214,Housing Support,Hospital,Enrolled
R-0201,2025-11-20,,Housing Support,Hospital,Declined
R-0202,2025-11-20,C-0219,Newcomer Settlement,School,Enrolled
R-0203,2025-11-21,C-0075,Newcomer Settlement,Self-referral,Enrolled
R-0204,2025-11-24,C-0082,Housing Support,School,Enrolled
R-0205,2025-11-25,C-0138,Newcomer Settlement,Hospital,Enrolled
R-0206,2025-11-26,C-0164,Youth Services,Self-referral,Enrolled
R-0207,2025-11-27,C-0034,Housing Support,Self-referral,Enrolled
R-0208,2025-11-28,C-0026,Newcomer Settlement,Family doctor,Enrolled
R-0209,2025-11-29,,Newcomer Settlement,Community agency,Withdrawn
R-0210,2025-11-30,,Newcomer Settlement,Shelter,Declined
R-0211,2025-12-04,C-0289,Housing Support,Self-referral,Enrolled
R-0212,2025-12-05,C-0054,Housing Support,School,Enrolled
R-0213,2025-12-06,C-0154,Housing Support,Family doctor,Enrolled
R-0214,2025-12-07,C-0161,Newcomer Settlement,Hospital,Enrolled
R-0215,2025-12-09,C-0086,Housing Support,Community agency,Enrolled
R-0216,2025-12-10,C-0183,Housing Support,Hospital,Enrolled
R-0217,2025-12-10,C-0220,Mental Health,Community agency,Enrolled
R-0218,2025-12-11,,Housing Support,Self-referral,Declined
R-0219,2025-12-15,,Housing Support,Hospital,Declined
R-0220,2025-12-17,,Youth Services,School,Withdrawn
R-0221,2025-12-19,,Mental Health,Shelter,Declined
R-0222,2025-12-19,C-0295,Housing Support,Hospital,Enrolled
R-0223,2025-12-21,C-0058,Newcomer Settlement,Family doctor,Enrolled
R-0224,2025-12-22,C-0010,Newcomer Settlement,Self-referral,Enrolled
R-0225,2025-12-23,C-0288,Mental Health,Shelter,Enrolled
R-0226,2025-12-26,C-0003,Youth Services,Community agency,Enrolled
R-0227,2025-12-27,C-0115,Newcomer Settlement,Community agency,Enrolled
R-0228,2025-12-31,C-0174,Newcomer Settlement,Shelter,Enrolled
R-0229,2026-01-01,C-0261,Newcomer Settlement,Hospital,Enrolled
R-0230,2026-01-03,C-0216,Housing Support,Self-referral,Enrolled
R-0231,2026-01-04,C-0099,Newcomer Settlement,Community agency,Enrolled
R-0232,2026-01-06,C-0124,Newcomer Settlement,Hospital,Enrolled
R-0233,2026-01-06,C-0157,Mental Health,Hospital,Enrolled
R-0234,2026-01-07,C-0146,Newcomer Settlement,Family doctor,Enrolled
R-0235,2026-01-08,C-0097,Housing Support,Family doctor,Enrolled
R-0236,2026-01-08,C-0130,Youth Services,Self-referral,Enrolled
R-0237,2026-01-09,C-0231,Housing Support,Self-referral,Enrolled
R-0238,2026-01-10,,Mental Health,Community agency,Declined
R-0239,2026-01-10,C-0206,Mental Health,Self-referral,Enrolled
R-0240,2026-01-13,C-0181,Mental Health,Hospital,Enrolled
R-0241,2026-01-15,C-0171,Housing Support,Shelter,Enrolled
R-0242,2026-01-15,C-0224,Newcomer Settlement,Hospital,Enrolled
R-0243,2026-01-16,C-0106,Housing Support,Hospital,Enrolled
R-0244,2026-01-17,C-0297,Mental Health,Family doctor,Enrolled
R-0245,2026-01-18,C-0042,Mental Health,Community agency,Enrolled
R-0246,2026-01-19,C-0286,Housing Support,Shelter,Enrolled
R-0247,2026-01-25,,Housing Support,Community agency,Declined
R-0248,2026-01-27,C-0248,Youth Services,Community agency,Enrolled
R-0249,2026-01-28,,Housing Support,Family doctor,Withdrawn
R-0250,2026-01-28,C-0043,Housing Support,School,Enrolled
R-0251,2026-01-29,C-0071,Newcomer Settlement,Family doctor,Enrolled
R-0252,2026-02-03,C-0090,Housing Support,Self-referral,Enrolled
R-0253,2026-02-05,C-0002,Newcomer Settlement,Shelter,Enrolled
R-0254,2026-02-06,C-0159,Housing Support,School,Enrolled
R-0255,2026-02-07,C-0145,Newcomer Settlement,Self-referral,Enrolled
R-0256,2026-02-08,,Newcomer Settlement,Community agency,Withdrawn
R-0257,2026-02-08,C-0084,Youth Services,School,Enrolled
R-0258,2026-02-11,C-0237,Youth Services,Family doctor,Enrolled
R-0259,2026-02-13,C-0189,Mental Health,Self-referral,Enrolled
R-0260,2026-02-15,C-0021,Newcomer Settlement,Self-referral,Enrolled
R-0261,2026-02-17,,Mental Health,Family doctor,Declined
R-0262,2026-02-25,,Youth Services,Self-referral,Declined
R-0263,2026-02-25,C-0004,Mental Health,Family doctor,Enrolled
R-0264,2026-02-27,C-0006,Youth Services,Shelter,Enrolled
R-0265,2026-02-27,C-0285,Housing Support,Shelter,Enrolled
R-0266,2026-03-01,C-0069,Youth Services,Hospital,Enrolled
R-0267,2026-03-03,C-0222,Newcomer Settlement,Hospital,Enrolled
R-0268,2026-03-05,C-0060,Newcomer Settlement,Hospital,Enrolled
R-0269,2026-03-06,C-0033,Mental Health,Self-referral,Enrolled
R-0270,2026-03-09,,Mental Health,Self-referral,Withdrawn
R-0271,2026-03-09,C-0257,Housing Support,Self-referral,Enrolled
R-0272,2026-03-10,C-0271,Newcomer Settlement,Hospital,Enrolled
R-0273,2026-03-11,C-0182,Housing Support,Self-referral,Enrolled
R-0274,2026-03-12,,Youth Services,Community agency,Declined
R-0275,2026-03-12,C-0007,Newcomer Settlement,Shelter,Enrolled
R-0276,2026-03-12,C-0096,Housing Support,Self-referral,Enrolled
R-0277,2026-03-12,C-0128,Housing Support,Self-referral,Enrolled
R-0278,2026-03-13,,Mental Health,Family doctor,Declined
R-0279,2026-03-16,C-0296,Youth Services,Hospital,Enrolled
R-0280,2026-03-17,C-0259,Newcomer Settlement,Self-referral,Enrolled
R-0281,2026-03-19,C-0244,Mental Health,Shelter,Enrolled
R-0282,2026-03-21,C-0234,Youth Services,Family doctor,Enrolled
R-0283,2026-03-22,C-0111,Mental Health,Community agency,Enrolled
R-0284,2026-03-22,C-0281,Mental Health,Family doctor,Enrolled
R-0285,2026-03-24,C-0141,Newcomer Settlement,Family doctor,Enrolled
R-0286,2026-03-26,C-0132,Housing Support,Community agency,Enrolled
R-0287,2026-03-27,,Youth Services,Self-referral,Declined
R-0288,2026-03-27,C-0011,Mental Health,Self-referral,Enrolled
R-0289,2026-03-27,C-0270,Housing Support,Self-referral,Enrolled
R-0290,2026-03-28,C-0055,Youth Services,Hospital,Enrolled
R-0291,2026-03-28,C-0103,Youth Services,Family doctor,Enrolled
R-0292,2026-03-28,C-0148,Housing Support,Hospital,Enrolled
R-0293,2026-03-31,C-0073,Mental Health,Shelter,Enrolled
R-0294,2026-04-03,C-0087,Mental Health,Shelter,Enrolled
R-0295,2026-04-04,,Mental Health,Shelter,Withdrawn
R-0296,2026-04-05,C-0201,Housing Support,Self-referral,Enrolled
R-0297,2026-04-07,C-0098,Youth Services,Community agency,Enrolled
R-0298,2026-04-09,,Housing Support,Shelter,Declined
R-0299,2026-04-09,C-0236,Youth Services,Self-referral,Enrolled
R-0300,2026-04-11,,Housing Support,Self-referral,Declined
R-0301,2026-04-13,C-0108,Youth Services,Family doctor,Enrolled
R-0302,2026-04-14,C-0226,Mental Health,Family doctor,Enrolled
R-0303,2026-04-18,C-0015,Youth Services,Family doctor,Enrolled
R-0304,2026-04-25,,Mental Health,Family doctor,Withdrawn
R-0305,2026-04-26,,Housing Support,Hospital,Declined
R-0306,2026-04-26,C-0142,Housing Support,Family doctor,Enrolled
R-0307,2026-04-27,C-0209,Mental Health,Hospital,Enrolled
R-0308,2026-04-30,C-0039,Mental Health,Self-referral,Enrolled
R-0309,2026-05-02,C-0218,Mental Health,Hospital,Enrolled
R-0310,2026-05-03,,Housing Support,Family doctor,Waitlisted
R-0311,2026-05-05,,Youth Services,Self-referral,Waitlisted
R-0312,2026-05-05,C-0195,Newcomer Settlement,Shelter,Enrolled
R-0313,2026-05-06,C-0064,Newcomer Settlement,Hospital,Enrolled
R-0314,2026-05-06,C-0268,Mental Health,Hospital,Enrolled
R-0315,2026-05-07,,Housing Support,Shelter,Waitlisted
R-0316,2026-05-07,,Newcomer Settlement,Family doctor,Waitlisted
R-0317,2026-05-07,C-0123,Newcomer Settlement,Hospital,Enrolled
R-0318,2026-05-09,C-0049,Youth Services,Self-referral,Enrolled
R-0319,2026-05-09,C-0067,Mental Health,Community agency,Enrolled
R-0320,2026-05-10,C-0166,Mental Health,Self-referral,Enrolled
R-0321,2026-05-11,C-0076,Mental Health,Family doctor,Enrolled
R-0322,2026-05-14,,Youth Services,Self-referral,Waitlisted
R-0323,2026-05-14,C-0277,Newcomer Settlement,Hospital,Enrolled
R-0324,2026-05-15,,Youth Services,Self-referral,Waitlisted
R-0325,2026-05-15,C-0052,Housing Support,Family doctor,Enrolled
R-0326,2026-05-17,,Mental Health,Hospital,Waitlisted
R-0327,2026-05-20,,Youth Services,Family doctor,Waitlisted
R-0328,2026-05-21,,Youth Services,Community agency,Waitlisted
R-0329,2026-05-22,C-0117,Housing Support,Community agency,Enrolled
R-0330,2026-05-23,C-0127,Youth Services,Shelter,Enrolled
R-0331,2026-05-25,,Newcomer Settlement,Hospital,Declined
R-0332,2026-05-25,C-0230,Youth Services,Community agency,Enrolled
R-0333,2026-05-25,C-0262,Housing Support,Community agency,Enrolled
R-0334,2026-05-26,C-0051,Housing Support,Community agency,Enrolled
R-0335,2026-05-27,C-0269,Newcomer Settlement,Community agency,Enrolled
R-0336,2026-05-28,,Youth Services,Hospital,Declined
R-0337,2026-05-29,C-0009,Newcomer Settlement,School,Enrolled
R-0338,2026-05-30,C-0272,Housing Support,Self-referral,Enrolled
R-0339,2026-06-02,,Mental Health,Self-referral,Waitlisted
R-0340,2026-06-03,,Housing Support,Hospital,Waitlisted
R-0341,2026-06-03,,Youth Services,Community agency,Declined
R-0342,2026-06-03,C-0293,Mental Health,Family doctor,Enrolled
R-0343,2026-06-05,,Housing Support,Self-referral,Waitlisted
R-0344,2026-06-06,,Housing Support,Self-referral,Waitlisted
R-0345,2026-06-09,C-0184,Housing Support,Community agency,Enrolled
R-0346,2026-06-10,,Newcomer Settlement,Community agency,Withdrawn
R-0347,2026-06-11,C-0022,Housing Support,Family doctor,Enrolled
R-0348,2026-06-11,C-0105,Mental Health,Self-referral,Enrolled
R-0349,2026-06-12,C-0100,Newcomer Settlement,Self-referral,Enrolled
R-0350,2026-06-17,,Newcomer Settlement,Shelter,Waitlisted
R-0351,2026-06-18,,Mental Health,Hospital,Withdrawn
R-0352,2026-06-18,,Housing Support,Shelter,Declined
R-0353,2026-06-18,,Mental Health,Hospital,Waitlisted
R-0354,2026-06-18,C-0118,Youth Services,Community agency,Enrolled
R-0355,2026-06-22,,Newcomer Settlement,Hospital,Waitlisted
R-0356,2026-06-22,C-0221,Housing Support,Community agency,Enrolled
R-0357,2026-06-22,C-0251,Youth Services,School,Enrolled
R-0358,2026-06-24,C-0199,Housing Support,School,Enrolled
R-0359,2026-06-25,,Youth Services,Community agency,Waitlisted
R-0360,2026-06-26,,Housing Support,School,Declined
R-0361,2026-06-26,C-0239,Mental Health,Hospital,Enrolled
R-0362,2026-06-29,C-0232,Newcomer Settlement,Hospital,Enrolled
R-0363,2026-06-30,C-0019,Housing Support,Hospital,Enrolled
R-0364,2026-06-30,C-0280,Housing Support,Family doctor,Enrolled
R-0365,2026-07-01,,Housing Support,Self-referral,Waitlisted
R-0366,2026-07-01,C-0020,Housing Support,Self-referral,Enrolled
R-0367,2026-07-01,C-0139,Youth Services,Self-referral,Enrolled
R-0368,2026-07-02,C-0165,Newcomer Settlement,Shelter,Enrolled
R-0369,2026-07-03,C-0233,Youth Services,Family doctor,Enrolled
R-0370,2026-07-05,,Mental Health,Shelter,Waitlisted
R-0371,2026-07-09,,Newcomer Settlement,Self-referral,Waitlisted
R-0372,2026-07-10,,Youth Services,School,Withdrawn
R-0373,2026-07-11,,Youth Services,Family doctor,Withdrawn
R-0374,2026-07-11,,Mental Health,Community agency,Withdrawn
R-0375,2026-07-14,C-0029,Newcomer Settlement,Self-referral,Enrolled
R-0376,2026-07-15,C-0025,Youth Services,Family doctor,Enrolled
R-0377,2026-07-16,,Mental Health,Self-referral,Declined
R-0378,2026-07-16,C-0005,Housing Support,Self-referral,Enrolled
R-0379,2026-07-16,C-0150,Newcomer Settlement,Shelter,Enrolled
R-0380,2026-07-19,,Newcomer Settlement,Self-referral,Waitlisted
R-0381,2026-07-19,,Housing Support,Self-referral,Waitlisted
R-0382,2026-07-19,,Newcomer Settlement,Self-referral,Declined
R-0383,2026-07-22,C-0107,Housing Support,Hospital,Enrolled
R-0384,2026-07-26,,Housing Support,Hospital,Declined
R-0385,2026-07-28,,Youth Services,Community agency,Waitlisted
R-0386,2026-07-28,,Mental Health,Community agency,Waitlisted
R-0387,2026-07-28,,Housing Support,Family doctor,Waitlisted
R-0388,2026-07-29,,Housing Support,Self-referral,Waitlisted
R-0389,2026-08-08,,Youth Services,Hospital,Waitlisted
R-0390,2026-08-17,,Youth Services,Community agency,Waitlisted
R-0391,2026-08-17,,Mental Health,Self-referral,Waitlisted
R-0392,2026-08-22,,Youth Services,School,Waitlisted
R-0393,2026-08-27,,Mental Health,Self-referral,Waitlisted
R-0394,2026-08-28,,Housing Support,Self-referral,Waitlisted
R-0395,2026-08-29,,Housing Support,Hospital,Waitlisted
R-0396,2026-08-29,,Youth Services,Community agency,Waitlisted
