ServiceID,ClientID,ServiceDate,ServiceCode,WorkerID,DurationMins
S-013450,C-0002,2026-09-01,PH01,W-08,20
S-013451,C-0004,2026-09-01,IN01,W-07,15
S-013452,C-0008,2026-09-01,CO02,W-12,90
S-013453,C-0025,2026-09-01,FA01 ,W-10,30
S-013454,C-0034,2026-09-01,PH01,W-03,15
S-013455,C-0047,2026-09-01,CN01,W-07,20
S-013455,C-0047,2026-09-01,CN01,W-07,20
S-013456,C-0056,2026-09-01,CN01,W-01,10
S-013457,C-0069,2026-09-01,CO02,W-11,60
S-013458,C-0074,2026-09-01,CO02,W-11,50
S-013459,C-0076,2026-09-01,FA01,W-08,15
S-013460,C-0076,2026-09-01,hv01,W-03,45
S-013461,C-0076,2026-09-01,IN01,W-08,45
S-013462,C-0086,2026-09-01,CN01,W-10,10
S-013463,C-0087,2026-09-01,ID01 ,W-01,30
S-013464,C-0096,2026-09-01,HV01,W-05,120
S-013465,C-0097,2026-09-01,PH01,W-09,15
S-013466,C-0101,2026-09-01,CO02,W-11,60
S-013467,C-0103,2026-09-01,CO02,W-11,60
S-013468,C-0114,2026-09-01,PH01,W-08,20
S-013469,C-0117,2026-09-01,CN01,W-03,10
S-013470,C-0124,2026-09-01,CN01,W-03,20
S-013471,C-0138,2026-09-01,CN01,W-04,15
S-013472,C-0144,2026-09-01,FA03,W-13,45
S-013473,C-0152,2026-09-01,FA02,W-13,20
S-013474,C-0165,2026-09-01,PH01,W-10,15
S-013475,C-0169,2026-09-01,HV01,W-03,60
S-013476,C-0180,2026-09-01,CO02,W-12,50
S-013477,C-0194,2026-09-01,HV01,W-03,120
S-013478,C-0195,2026-09-01,IN01,W-07,15
S-013479,C-0196,2026-09-01,PH01,W-05,5
S-013480,C-0197,2026-09-01,CN01,W-01,15
S-013481,C-0197,2026-09-01,PH01,W-01,20
S-013482,C-0200,2026-09-01,CN01,W-04,20
S-013483,C-0205,2026-09-01,CO01,W-12,90
S-013484,C-0212,2026-09-01,ID01,W-04,45
S-013485,C-0224,2026-09-01,TR02,W-08,20
S-013486,C-0226,2026-09-01,CO01,W-11,50
S-013487,C-0233,2026-09-01,TR02,W-09,45
S-013488,C-0238,2026-09-01,TR02,W-03,45
S-013489,C-0239,2026-09-01,CO01,W-12,60
S-013490,C-0239,2026-09-01,TR01,W-05,30
S-013491,C-0245,2026-09-01,RF01,W-03,30
S-013492,C-0256,2026-09-01,CN01,W-03,10
S-013493,C-0271,2026-09-01,PH01,W-02,20
S-013494,C-0273,2026-09-01,CO02,W-12,90
S-013495,C-0279,2026-09-01,RF01,W-03,30
S-013496,C-0281,2026-09-01,TR01,W-01,45
S-013497,C-0293,2026-09-01,TR02,W-01,15
S-013498,C-0008,2026-09-02,CO02,W-11,90
S-013499,C-0010,2026-09-02,RF01,W-01,20
S-013500,C-0015,2026-09-02,RF01,W-05,30
S-013501,C-0015,2026-09-02,CN01,W-05,15
S-013502,C-0016,2026-09-02,CN01,W-09,30
S-013503,C-0040,2026-09-02,HV01,W-01,90
S-013504,C-0040,2026-09-02,CH02,W-05,120
S-013505,C-0041,2026-09-02,PH01,W-05,20
S-013506,C-0055,2026-09-02,,W-09,20
S-013507,C-0060,2026-09-02,ID01,W-07,30
S-013508,C-0061,2026-09-02,CH02,W-06,120
S-013509,C-0066,2026-09-02,HV01,W-01,90
S-013510,C-0070,2026-09-02,CN01,W-01,15
S-013511,C-0073,2026-09-02,PH01,W-02,10
S-013512,C-0095,2026-09-02,CN01,W-06,30
S-013513,C-0098,2026-09-02,FA03,W-14,45
S-013514,C-0115,2026-09-02,ID01,W-04,30
S-013515,C-0118,2026-09-02,CN01,W-07,20
S-013516,C-0124,2026-09-02,CN01,W-03,30
S-013517,C-0130,2026-09-02,cn01,W-04,15
S-013518,C-0133,2026-09-02,ch02,W-01,90
S-013519,C-0141,2026-09-02,PH01,W-09,15
S-013520,C-0142,2026-09-02,CN01,W-02,15
S-013521,C-0144,2026-09-02,TR02,W-05,15
S-013522,C-0146,2026-09-02,PH01,W-08,15
S-013523,C-0148,2026-09-02,HV01,W-05,90
S-013524,C-0151,2026-09-02,IN01,W-02,45
S-013525,C-0152,2026-09-02,HV01,W-04,90
S-013526,C-0160,2026-09-02,HV01,W-05,45
S-013527,C-0161,2026-09-02,HV01,W-05,60
S-013528,C-0171,2026-09-02,RF01,W-07,30
S-013529,C-0174,2026-09-02,FA01,W-02,15
S-013530,C-0183,2026-09-02,CO02,W-12,90
S-013531,C-0186,2026-09-02,CH02,W-04,60
S-013532,C-0191,2026-09-02,HV01,W-01,45
S-013533,C-0193,2026-09-02,PH01,W-01,20
S-013534,C-0227,2026-09-02,HV01,W-01,90
S-013535,C-0227,2026-09-02,PH01,W-08,15
S-013536,C-0229,2026-09-02,FA01,W-02,15
S-013537,C-0233,2026-09-02,CO02,W-11,60
S-013538,C-0236,2026-09-02,HV01,W-03,120
S-013539,C-0268,2026-09-02,TR02,W-07,45
S-013540,C-0281,2026-09-02,PH01,W-01,10
S-013541,C-0296,2026-09-02,HV01,W-02,60
S-013542,C-0298,2026-09-02,TR02,W-07,15
S-013543,C-0013,2026-09-03,CN01,W-09,15
S-013544,C-0016,2026-09-03,CN01,W-09,30
S-013545,C-0029,2026-09-03,RF01,W-08,30
S-013546,C-0034,2026-09-03,CN01 ,W-03,10
S-013547,C-0039,2026-09-03,PH01,W-06,20
S-013548,C-0041,2026-09-03,TR01,W-05,20
S-013549,C-0049,2026-09-03,PH01,W-05,15
S-013550,C-0049,2026-09-03,HV01 ,W-01,120
S-013551,C-0052,2026-09-03,CH02,W-02,90
S-013552,C-0054,2026-09-03,HV01,W-01,90
S-013553,C-0060,2026-09-03,IN01,W-07,20
S-013554,C-0063,2026-09-03,RF01,W-06,20
S-013555,C-0066,2026-09-03,FA01,W-05,20
S-013556,C-0074,2026-09-03,CO01,W-12,50
S-013557,C-0076,2026-09-03,PH01 ,W-08,15
S-013558,C-0076,2026-09-03,HV01,W-01,60
S-013559,C-0091,2026-09-03,HV01,W-03,60
S-013560,C-0121,2026-09-03,CN01,W-05,30
S-013561,C-0124,2026-09-03,FA01,W-03,45
S-013562,C-0134,2026-09-03,PH01,W-07,5
S-013563,C-0138,2026-09-03,CH02,W-04,45
S-013564,C-0147,2026-09-03,TR01,W-02,15
S-013565,C-0148,2026-09-03,HV01,W-02,60
S-013566,C-0150,2026-09-03,CH02,W-02,120
S-013567,C-0160,2026-09-03,HV01,W-04,120
S-013568,C-0161,2026-09-03,CN01,W-08,15
S-013569,C-0178,2026-09-03,CH02,W-06,45
S-013570,C-0196,2026-09-03,co02,W-11,90
S-013571,C-0199,2026-09-03,PH01 ,W-03,10
S-013572,C-0205,2026-09-03,CH02,W-02,45
S-013573,C-0233,2026-09-03,CH02,W-01,120
S-013574,C-0249,2026-09-03,PH01,W-02,5
S-013575,C-0262,2026-09-03,CN01,W-03,30
S-013576,C-0265,2026-09-03,CO01,W-12,60
S-013577,C-0268,2026-09-03,FA02,W-14,45
S-013578,C-0278,2026-09-03,HV01,W-04,90
S-013579,C-0279,2026-09-03,PH01,W-03,5
S-013580,C-0281,2026-09-03,CN01 ,W-01,20
S-013581,C-0285,2026-09-03,CN01,W-08,10
S-013582,C-0285,2026-09-03,CH02,W-05,120
S-013583,C-0293,2026-09-03,CO02,W-11,50
S-013584,C-0001,2026-09-04,CN01,W-04,20
S-013585,C-0005,2026-09-04,FA02,W-14,45
S-013586,C-0010,2026-09-04,CN01,W-01,30
S-013587,C-0016,2026-09-04,HV01,W-01,60
S-013588,C-0017,2026-09-04,RF01,W-09,10
S-013589,C-0019,2026-09-04,HV01 ,W-04,60
S-013590,C-0042,2026-09-04,CH02,W-04,60
S-013591,C-0052,2026-09-04,HV01,W-04,120
S-013592,C-0055,2026-09-04,CN01,W-09,20
S-013593,C-0055,2026-09-04,HV01,W-06,90
S-013594,C-0055,2026-09-04,CN01,W-09,30
S-013595,C-0056,2026-09-04,ID01,W-01,20
S-013596,C-0066,2026-09-04,CN01,W-05,20
S-013597,C-0070,2026-09-04,HV01,W-04,60
S-013598,C-0074,2026-09-04,CH02,W-05,45
S-013599,C-0087,2026-09-04,TR02,W-01,15
S-013600,C-0095,2026-09-04,IN01,W-06,15
S-013601,C-0111,2026-09-04,CH02,W-06,90
S-013602,C-0138,2026-09-04,HV01,W-06,45
S-013603,C-0142,2026-09-04,FA01 ,W-02,15
S-013604,C-0156,2026-09-04,TR01,W-05,20
S-013605,C-0156,2026-09-04,CN01,W-05,10
S-013606,C-0159,2026-09-04,HV01,W-05,120
S-013607,C-0165,2026-09-04,PH01,W-10,10
S-013608,C-0166,2026-09-04,PH01,W-01,15
S-013609,C-0171,2026-09-04,CN01,W-07,15
S-013610,C-0179,2026-09-04,TR01,W-05,30
S-013611,C-0189,2026-09-04,PH01,W-01,10
S-013612,C-0195,2026-09-04,tr01,W-07,20
S-013613,C-0200,2026-09-04,PH01,W-04,15
S-013614,C-0205,2026-09-04,CN01,W-04,10
S-013615,C-0207,2026-09-04,CH02,W-01,120
S-013616,C-0222,2026-09-04,TR01,W-05,20
S-013617,C-0230,2026-09-04,TR02,W-02,45
S-013618,C-0236,2026-09-04,RF01,W-01,10
S-013619,C-0246,2026-09-04,CH02,W-02,45
S-013620,C-0255,2026-09-04,CH02,W-03,45
S-013621,C-0259,2026-09-04,IN01,W-10,30
S-013622,C-0279,2026-09-04,CN01,W-03,15
S-013623,C-0284,2026-09-04,PH01 ,W-08,15
S-013624,C-0293,2026-09-04,HV01,W-02,45
S-013625,C-0296,2026-09-04,HV01,W-04,120
S-013626,C-0300,2026-09-04,HV01,W-04,120
S-013627,C-0007,2026-09-05,CN01,W-06,10
S-013628,C-0016,2026-09-05,FA01,W-09,20
S-013629,C-0018,2026-09-05,CH02,W-03,60
S-013630,C-0024,2026-09-05,CN01,W-08,10
S-013631,C-0041,2026-09-05,TR01,W-05,30
S-013632,C-0052,2026-09-05,HV01,W-04,60
S-013633,C-0061,2026-09-05,PH01,W-06,15
S-013634,C-0063,2026-09-05,FA01 ,W-06,20
S-013635,C-0069,2026-09-05,CN01,W-09,30
S-013636,C-0087,2026-09-05,CO01,W-12,90
S-013637,C-0097,2026-09-05,HV01,W-05,90
S-013638,C-0098,2026-09-05,CN01,W-09,10
S-013638,C-0098,2026-09-05,CN01,W-09,10
S-013639,C-0100,2026-09-05,FA01,W-09,30
S-013640,C-0105,2026-09-05,CN01,W-10,30
S-013641,C-0120,2026-09-05,fa03,W-14,30
S-013642,C-0120,2026-09-05,ID01,W-10,20
S-013643,C-0133,2026-09-05,CN01,W-09,30
S-013644,C-0144,2026-09-05,PH01,W-05,15
S-013645,C-0151,2026-09-05,CO02,W-11,50
S-013646,C-0152,2026-09-05,TR01,W-08,15
S-013647,C-0159,2026-09-05,CN01,W-07,20
S-013648,C-0169,2026-09-05,HV01,W-05,120
S-013649,C-0173,2026-09-05,CH02 ,W-05,120
S-013650,C-0180,2026-09-05,CH02,W-01,120
S-013651,C-0189,2026-09-05,CO02,W-11,60
S-013652,C-0200,2026-09-05,TR02,W-04,15
S-013653,C-0208,2026-09-05,HV01,W-02,60
S-013654,C-0209,2026-09-05,CN01,W-05,20
S-013655,C-0212,2026-09-05,CN01,W-04,20
S-013656,C-0217,2026-09-05,HV01,W-06,120
S-013657,C-0221,2026-09-05,PH01,W-03,10
S-013658,C-0224,2026-09-05,CN01,W-08,20
S-013659,C-0227,2026-09-05,TR02,W-08,15
S-013660,C-0273,2026-09-05,CO01,W-12,90
S-013661,C-0279,2026-09-05,CN01,W-03,15
S-013662,C-0284,2026-09-05,CN01,W-08,30
S-013663,C-0298,2026-09-05,TR02,W-07,15
S-013664,C-0004,2026-09-06,HV01,W-01,60
S-013665,C-0014,2026-09-06,ID01,W-09,15
S-013666,C-0016,2026-09-06,CN01,W-09,30
S-013667,C-0016,2026-09-06,ID01,W-09,45
S-013668,C-0017,2026-09-06,CO01,W-11,50
S-013669,C-0028,2026-09-06,CN01,W-06,30
S-013670,C-0052,2026-09-06,CN01,W-02,10
S-013671,C-0063,2026-09-06,HV01,W-05,60
S-013672,C-0088,2026-09-06,FA03,W-14,30
S-013673,C-0088,2026-09-06,CH02,W-03,120
S-013674,C-0091,2026-09-06,RF01,W-10,15
S-013675,C-0092,2026-09-06,cn01,W-05,20
S-013676,C-0096,2026-09-06,FA02,W-14,15
S-013677,C-0100,2026-09-06,CN01,W-09,30
S-013678,C-0104,2026-09-06,CN01,W-10,30
S-013679,C-0106,2026-09-06,CO01,W-11,50
S-013680,C-0128,2026-09-06,TR02,W-09,15
S-013681,C-0133,2026-09-06,CN01,W-09,15
S-013682,C-0146,2026-09-06,HV01,W-04,45
S-013683,C-0146,2026-09-06,CH02,W-01,60
S-013684,C-0150,2026-09-06,CH02,W-05,45
S-013685,C-0152,2026-09-06,CH02,W-04,60
S-013686,C-0163,2026-09-06,FA02,W-14,20
S-013687,C-0182,2026-09-06,TR02,W-05,20
S-013688,C-0189,2026-09-06,TR01,W-01,30
S-013689,C-0191,2026-09-06,TR02,W-05,15
S-013690,C-0191,2026-09-06,PH01,W-05,15
S-013691,C-0193,2026-09-06,TR01,W-01,45
S-013692,C-0194,2026-09-06,CN01,W-02,10
S-013693,C-0196,2026-09-06,CN01,W-05,10
S-013694,C-0196,2026-09-06,FA02,W-14,45
S-013695,C-0204,2026-09-06,ph01,W-04,5
S-013696,C-0236,2026-09-06,CO01,W-12,60
S-013697,C-0249,2026-09-06,HV01,W-05,90
S-013698,C-0262,2026-09-06,fa03,W-13,45
S-013699,C-0271,2026-09-06,FA01,W-02,45
S-013700,C-0280,2026-09-06,CN01,W-04,30
S-013701,C-0281,2026-09-06,CO02,W-11,50
S-013702,C-0295,2026-09-06,CN01,W-04,20
S-013703,C-0039,2026-09-07,ID01,W-06,15
S-013704,C-0043,2026-09-07,CN01,W-02,30
S-013705,C-0047,2026-09-07,FA01,W-07,45
S-013706,C-0049,2026-09-07,HV01,W-05,45
S-013707,C-0061,2026-09-07,TR01,W-06,45
S-013708,C-0073,2026-09-07,PH01,W-02,5
S-013709,C-0073,2026-09-07,CO02 ,W-11,60
S-013710,C-0074,2026-09-07,HV01,W-06,120
S-013711,C-0087,2026-09-07,PH01,W-01,5
S-013712,C-0089,2026-09-07,FA01,W-06,20
S-013713,C-0118,2026-09-07,FA03,W-14,45
S-013714,C-0120,2026-09-07,CN01,W-10,20
S-013715,C-0126,2026-09-07,HV01,W-01,120
S-013716,C-0150,2026-09-07,CN01,W-01,30
S-013717,C-0160,2026-09-07,IN01,W-05,30
S-013718,C-0165,2026-09-07,CH02,W-06,120
S-013719,C-0168,2026-09-07,PH01,W-04,15
S-013720,C-0178,2026-09-07,CO02,W-11,50
S-013721,C-0187,2026-09-07,PH01,W-06,15
S-013722,C-0189,2026-09-07,CN01,W-01,15
S-013723,C-0195,2026-09-07,RF01,W-07,30
S-013724,C-0195,2026-09-07,IN01,W-07,30
S-013725,C-0216,2026-09-07,CN01,W-09,10
S-013726,C-0229,2026-09-07,CN01,W-02,15
S-013727,C-0238,2026-09-07,PH01,W-03,5
S-013728,C-0251,2026-09-07,CO02,W-12,90
S-013729,C-0264,2026-09-07,ID01,W-08,45
S-013730,C-0271,2026-09-07,CN01,W-02,15
S-013731,C-0277,2026-09-07,FA01,W-01,30
S-013732,C-0008,2026-09-08,CO01,W-11,90
S-013733,C-0009,2026-09-08,PH01,W-05,20
S-013734,C-0010,2026-09-08,ph01,W-01,15
S-013735,C-0019,2026-09-08,CN01,W-09,30
S-013736,C-0028,2026-09-08,PH01,W-06,15
S-013737,C-0037,2026-09-08,HV01,W-04,90
S-013738,C-0047,2026-09-08,CH02,W-02,60
S-013739,C-0047,2026-09-08,FA01,W-07,45
S-013740,C-0051,2026-09-08,TR01,W-07,30
S-013741,C-0058,2026-09-08,FA01,W-09,30
S-013742,C-0063,2026-09-08,CN01,W-06,30
S-013743,C-0065,2026-09-08,CN01,W-02,15
S-013744,C-0073,2026-09-08,PH01 ,W-02,15
S-013745,C-0074,2026-09-08,CO02,W-11,60
S-013746,C-0087,2026-09-08,CN01,W-01,15
S-013747,C-0092,2026-09-08,PH01,W-05,10
S-013748,C-0092,2026-09-08,TR02 ,W-05,30
S-013749,C-0095,2026-09-08,TR02,W-06,30
S-013750,C-0103,2026-09-08,CO01,W-12,60
S-013751,C-0106,2026-09-08,HV01,W-01,45
S-013752,C-0114,2026-09-08,ID01,W-08,30
S-013753,C-0114,2026-09-08,CO01,W-12,50
S-013753,C-0114,2026-09-08,CO01,W-12,50
S-013754,C-0151,2026-09-08,HV01,W-01,45
S-013755,C-0174,2026-09-08,PH01,W-02,15
S-013756,C-0182,2026-09-08,PH01,W-05,15
S-013757,C-0188,2026-09-08,IN01,W-07,15
S-013758,C-0195,2026-09-08,CN01,W-07,15
S-013759,C-0196,2026-09-08,FA02,W-14,30
S-013760,C-0199,2026-09-08,TR01,W-03,15
S-013761,C-0209,2026-09-08,PH01,W-05,15
S-013762,C-0217,2026-09-08,HV01,W-03,90
S-013763,C-0217,2026-09-08,CN01,W-01,30
S-013764,C-0217,2026-09-08,PH01,W-01,5
S-013765,C-0229,2026-09-08,CN01,W-02,10
S-013766,C-0232,2026-09-08,CO02,W-11,60
S-013767,C-0236,2026-09-08, cn01  ,W-01,10
S-013768,C-0241,2026-09-08,CN01,W-04,20
S-013769,C-0241,2026-09-08,RF01,W-04,15
S-013770,C-0249,2026-09-08,HV01,W-04,90
S-013771,C-0256,2026-09-08,CN01,W-03,30
S-013772,C-0257,2026-09-08,CN01,W-05,20
S-013773,C-0271,2026-09-08,PH01,W-02,5
S-013774,C-0293,2026-09-08,CN01,W-01,15
S-013775,C-0001,2026-09-09,HV01,W-05,90
S-013775,C-0001,2026-09-09,HV01,W-05,90
S-013776,C-0007,2026-09-09,FA02,W-14,20
S-013777,C-0010,2026-09-09,FA03,W-14,20
S-013778,C-0013,2026-09-09,CH02,W-06,90
S-013779,C-0018,2026-09-09,HV01,W-01,60
S-013780,C-0037,2026-09-09,CN01,W-02,15
S-013781,C-0049,2026-09-09,CH02,W-06,45
S-013782,C-0052,2026-09-09,PH01,W-02,10
S-013783,C-0054,2026-09-09,CO02,W-12,50
S-013784,C-0054,2026-09-09,ID01,W-07,30
S-013785,C-0058,2026-09-09,CO02,W-11,50
S-013786,C-0074,2026-09-09,CO01,W-12,90
S-013787,C-0082,2026-09-09,FA02,W-14,45
S-013788,C-0088,2026-09-09,CN01,W-06,30
S-013789,C-0103,2026-09-09,CO01,W-12,50
S-013790,C-0124,2026-09-09,CN01,W-03,30
S-013791,C-0141,2026-09-09,RF01,W-09,20
S-013792,C-0146,2026-09-09,IN01,W-08,15
S-013793,C-0148,2026-09-09,PH01,W-06,20
S-013794,C-0166,2026-09-09,TR02,W-01,20
S-013795,C-0183,2026-09-09,TR02,W-05,15
S-013796,C-0193,2026-09-09,CN01,W-01,15
S-013797,C-0193,2026-09-09,CH02,W-05,60
S-013798,C-0193,2026-09-09,co02,W-12,90
S-013799,C-0209,2026-09-09,CO02,W-12,90
S-013800,C-0214,2026-09-09,CN01,W-09,20
S-013801,C-0217,2026-09-09,HV01 ,W-02,90
S-013802,C-0223,2026-09-09,ph01,W-06,20
S-013803,C-0233,2026-09-09,HV01,W-03,90
S-013804,C-0245,2026-09-09,CH02,W-02,90
S-013805,C-0255,2026-09-09,CO02,W-11,50
S-013806,C-0257,2026-09-09,HV01,W-05,45
S-013807,C-0261,2026-09-09,CO02,W-11,90
S-013808,C-0261,2026-09-09,ID01 ,W-06,45
S-013809,C-0262,2026-09-09,CN01,W-03,30
S-013810,C-0268,2026-09-09,CO01,W-11,90
S-013811,C-0270,2026-09-09,PH01,W-08,20
S-013812,C-0278,2026-09-09,TR01,W-02,15
S-013813,C-0292,2026-09-09,HV01,W-01,90
S-013814,C-0006,2026-09-10,FA03,W-14,20
S-013815,C-0019,2026-09-10,CH02,W-05,45
S-013816,C-0020,2026-09-10,,W-08,30
S-013817,C-0034,2026-09-10,CN01,W-03,10
S-013818,C-0044,2026-09-10,CH02,W-03,45
S-013819,C-0051,2026-09-10,FA01,W-07,30
S-013820,C-0070,2026-09-10,CN01,W-01,15
S-013821,C-0089,2026-09-10,FA01,W-06,15
S-013822,C-0089,2026-09-10,HV01,W-01,90
S-013823,C-0092,2026-09-10,PH01,W-05,10
S-013824,C-0092,2026-09-10,PH01,W-05,20
S-013825,C-0098,2026-09-10,FA01,W-09,45
S-013826,C-0098,2026-09-10,FA02,W-13,30
S-013827,C-0101,2026-09-10,CO01,W-11,50
S-013828,C-0120,2026-09-10,PH01,W-10,10
S-013829,C-0121,2026-09-10,ID01,W-05,20
S-013830,C-0142,2026-09-10,HV01,W-06,45
S-013831,C-0146,2026-09-10,CH02,W-01,60
S-013832,C-0152,2026-09-10,HV01,W-02,60
S-013833,C-0160,2026-09-10,TR01,W-05,15
S-013834,C-0169,2026-09-10,CN01,W-07,30
S-013835,C-0184,2026-09-10,RF01,W-09,30
S-013836,C-0188,2026-09-10,TR02,W-07,15
S-013837,C-0205,2026-09-10,CH02,W-03,60
S-013838,C-0221,2026-09-10,CN01,W-03,30
S-013839,C-0259,2026-09-10,CN01,W-10,15
S-013840,C-0277,2026-09-10,CN01,W-01,30
S-013841,C-0278,2026-09-10,PH01,W-02,20
S-013842,C-0279,2026-09-10,FA02,W-13,15
S-013843,C-0299,2026-09-10,TR02,W-08,20
S-013844,C-0004,2026-09-11,HV01,W-03,90
S-013845,C-0006,2026-09-11,CO02,W-11,90
S-013846,C-0014,2026-09-11,CN01,W-09,10
S-013847,C-0017,2026-09-11,HV01,W-03,90
S-013848,C-0024,2026-09-11,FA01 ,W-08,15
S-013849,C-0035,2026-09-11,CH02,W-02,90
S-013850,C-0037,2026-09-11,CO01,W-12,50
S-013851,C-0049,2026-09-11,ID01,W-05,15
S-013851,C-0049,2026-09-11,ID01,W-05,15
S-013852,C-0052,2026-09-11,CH02,W-06,120
S-013853,C-0065,2026-09-11,PH01,W-02,20
S-013854,C-0066,2026-09-11,FA03,W-14,15
S-013855,C-0067,2026-09-11,CN01,W-03,20
S-013856,C-0091,2026-09-11,ID01,W-10,45
S-013857,C-0117,2026-09-11,FA01,W-03,30
S-013858,C-0127,2026-09-11,CO01,W-11,50
S-013859,C-0151,2026-09-11,FA02,W-13,20
S-013860,C-0160,2026-09-11,TR01,W-05,45
S-013861,C-0161,2026-09-11,TR02,W-08,30
S-013862,C-0165,2026-09-11,CH02,W-04,60
S-013863,C-0168,2026-09-11,CH02,W-06,120
S-013864,C-0171,2026-09-11,IN01,W-07,30
S-013865,C-0179,2026-09-11,HV01,W-06,90
S-013866,C-0188,2026-09-11,RF01,W-07,30
S-013867,C-0208,2026-09-11,CH02,W-01,90
S-013868,C-0224,2026-09-11,ch02,W-04,45
S-013869,C-0236,2026-09-11,PH01,W-01,10
S-013870,C-0236,2026-09-11,PH01,W-01,5
S-013871,C-0255,2026-09-11,TR02,W-03,45
S-013872,C-0264,2026-09-11,CH02,W-01,60
S-013873,C-0265,2026-09-11,CO02 ,W-11,50
S-013874,C-0272,2026-09-11,FA03,W-14,45
S-013875,C-0272,2026-09-11,PH01,W-02,5
S-013876,C-0281,2026-09-11,CO01 ,W-11,50
S-013877,C-0289,2026-09-11,TR02,W-10,30
S-013878,C-0296,2026-09-11,CN01 ,W-10,20
S-013879,C-0298,2026-09-11,FA02,W-14,45
S-013880,C-0004,2026-09-12,CN01,W-07,15
S-013881,C-0008,2026-09-12,CO01,W-12,60
S-013882,C-0010,2026-09-12,FA02,W-14,20
S-013883,C-0014,2026-09-12,CN01 ,W-09,30
S-013884,C-0014,2026-09-12,ID01,W-09,20
S-013885,C-0014,2026-09-12,TR02,W-09,45
S-013886,C-0014,2026-09-12,FA02,W-13,30
S-013887,C-0025,2026-09-12,TR02,W-10,30
S-013888,C-0025,2026-09-12,HV01,W-01,120
S-013889,C-0025,2026-09-12,RF01,W-10,20
S-013890,C-0029,2026-09-12,CH02,W-04,60
S-013891,C-0035,2026-09-12,CN01,W-03,30
S-013892,C-0037,2026-09-12,CO01,W-11,50
S-013893,C-0041,2026-09-12,FA01,W-05,15
S-013894,C-0047,2026-09-12,RF01,W-07,15
S-013895,C-0055,2026-09-12,CN01 ,W-09,30
S-013896,C-0056,2026-09-12,CO01,W-11,60
S-013897,C-0082,2026-09-12,TR02,W-09,15
S-013897,C-0082,2026-09-12,TR02,W-09,15
S-013898,C-0089,2026-09-12,CN01,W-06,30
S-013899,C-0091,2026-09-12,CH02,W-04,90
S-013900,C-0092,2026-09-12,TR02,W-05,30
S-013901,C-0097,2026-09-12,FA02,W-13,45
S-013902,C-0103,2026-09-12,CO02,W-12,50
S-013903,C-0106,2026-09-12,CH02,W-06,90
S-013904,C-0130,2026-09-12,PH01,W-04,5
S-013905,C-0142,2026-09-12,FA01,W-02,30
S-013906,C-0156,2026-09-12,CN01,W-05,15
S-013907,C-0171,2026-09-12,FA02,W-13,30
S-013908,C-0178,2026-09-12,CH02,W-02,120
S-013909,C-0199,2026-09-12,cn01,W-03,10
S-013910,C-0204,2026-09-12,FA03,W-14,30
S-013911,C-0208,2026-09-12,PH01,W-09,15
S-013912,C-0221,2026-09-12,PH01,W-03,5
S-013913,C-0236,2026-09-12,FA01,W-01,45
S-013914,C-0238,2026-09-12,CN01,W-03,30
S-013915,C-0265,2026-09-12,IN01,W-10,20
S-013916,C-0277,2026-09-12,TR01,W-01,15
S-013917,C-0277,2026-09-12,PH01,W-01,20
S-013918,C-0281,2026-09-12,PH01,W-01,10
S-013919,C-0285,2026-09-12,TR02,W-08,45
S-013920,C-0287,2026-09-12,PH01,W-06,5
S-013921,C-0292,2026-09-12,IN01,W-07,15
S-013922,C-0293,2026-09-12,ID01,W-01,45
S-013923,C-0299,2026-09-12,TR02,W-08,30
S-013924,C-0005,2026-09-13,hv01,W-03,45
S-013925,C-0007,2026-09-13,HV01,W-04,45
S-013926,C-0014,2026-09-13,HV01,W-02,60
S-013927,C-0025,2026-09-13,CO02,W-11,90
S-013928,C-0043,2026-09-13,FA02,W-13,20
S-013929,C-0056,2026-09-13,FA01,W-01,15
S-013930,C-0067,2026-09-13,CN01,W-03,30
S-013931,C-0073,2026-09-13,RF01,W-02,15
S-013932,C-0073,2026-09-13,CH02,W-02,45
S-013933,C-0087,2026-09-13,HV01,W-02,45
S-013934,C-0120,2026-09-13,CH02,W-04,90
S-013935,C-0127,2026-09-13,CO01,W-12,90
S-013936,C-0127,2026-09-13,RF01,W-08,10
S-013937,C-0141,2026-09-13,CO01,W-12,60
S-013938,C-0171,2026-09-13,TR02,W-07,15
S-013939,C-0172,2026-09-13,FA03,W-14,20
S-013940,C-0183,2026-09-13,TR02,W-05,20
S-013941,C-0195,2026-09-13,TR02,W-07,15
S-013942,C-0200,2026-09-13,PH01,W-04,5
S-013943,C-0207,2026-09-13,HV01,W-06,45
S-013944,C-0224,2026-09-13,IN01,W-08,20
S-013945,C-0227,2026-09-13,ID01,W-08,20
S-013946,C-0227,2026-09-13,HV01,W-03,60
S-013947,C-0232,2026-09-13,ID01,W-01,30
S-013948,C-0233,2026-09-13,CN01,W-09,30
S-013949,C-0234,2026-09-13,PH01,W-07,5
S-013950,C-0235,2026-09-13,TR02,W-09,20
S-013951,C-0238,2026-09-13,HV01,W-03,60
S-013952,C-0239,2026-09-13,HV01,W-06,120
S-013953,C-0268,2026-09-13,CH02,W-04,60
S-013954,C-0268,2026-09-13,cn01,W-07,15
S-013955,C-0270,2026-09-13,CN01,W-08,15
S-013956,C-0273,2026-09-13,HV01,W-06,120
S-013957,C-0293,2026-09-13,CO01,W-12,50
S-013958,C-0296,2026-09-13,ph01,W-10,10
S-013959,C-0004,2026-09-14,TR01,W-07,20
S-013960,C-0005,2026-09-14,PH01,W-09,15
S-013961,C-0005,2026-09-14,FA02,W-13,45
S-013962,C-0010,2026-09-14,PH01,W-01,10
S-013963,C-0013,2026-09-14,RF01,W-09,30
S-013964,C-0037,2026-09-14,CO02,W-11,50
S-013965,C-0039,2026-09-14,RF01,W-06,10
S-013966,C-0042,2026-09-14,CO01,W-12,60
S-013967,C-0044,2026-09-14,FA01,W-03,15
S-013968,C-0058,2026-09-14,PH01,W-09,10
S-013969,C-0060,2026-09-14,TR02,W-07,20
S-013970,C-0061,2026-09-14,CN01,W-06,15
S-013971,C-0087,2026-09-14,CH02,W-05,120
S-013972,C-0101,2026-09-14,CH02,W-04,60
S-013973,C-0130,2026-09-14,CN01,W-04,10
S-013974,C-0141,2026-09-14,CN01,W-09,10
S-013975,C-0151,2026-09-14,ch02,W-05,90
S-013976,C-0161,2026-09-14,FA01,W-08,20
S-013977,C-0166,2026-09-14,CH02,W-01,45
S-013978,C-0183,2026-09-14,PH01,W-05,10
S-013979,C-0205,2026-09-14,PH01,W-04,20
S-013980,C-0212,2026-09-14,HV01,W-02,45
S-013981,C-0214,2026-09-14,FA01,W-09,20
S-013982,C-0230,2026-09-14,CH02,W-05,45
S-013983,C-0245,2026-09-14,PH01,W-03,15
S-013984,C-0262,2026-09-14,HV01,W-02,60
S-013985,C-0270,2026-09-14,TR02,W-08,15
S-013986,C-0277,2026-09-14,FA01,W-01,15
S-013987,C-0277,2026-09-14,HV01,W-04,90
S-013988,C-0006,2026-09-15,CN01,W-03,10
S-013989,C-0008,2026-09-15,PH01,W-09,10
S-013990,C-0013,2026-09-15,CN01,W-09,10
S-013991,C-0024,2026-09-15,FA03,W-14,15
S-013992,C-0025,2026-09-15,CO02,W-12,50
S-013993,C-0028,2026-09-15,HV01,W-06,90
S-013994,C-0029,2026-09-15,PH01,W-08,10
S-013995,C-0037,2026-09-15,HV01,W-05,60
S-013996,C-0044,2026-09-15,CO01,W-12,50
S-013997,C-0047,2026-09-15,TR01,W-07,45
S-013998,C-0061,2026-09-15,CH02,W-04,45
S-013999,C-0063,2026-09-15,FA01,W-06,30
S-014000,C-0073,2026-09-15,FA01,W-02,20
S-014001,C-0088,2026-09-15,PH01,W-06,15
S-014002,C-0089,2026-09-15,FA03,W-13,45
S-014003,C-0103,2026-09-15,TR01,W-06,15
S-014004,C-0118,2026-09-15,CH02,W-01,45
S-014005,C-0118,2026-09-15,CN01,W-07,30
S-014006,C-0127,2026-09-15,CO01,W-11,50
S-014007,C-0128,2026-09-15,RF01,W-09,20
S-014008,C-0133,2026-09-15,HV01,W-01,120
S-014009,C-0133,2026-09-15,FA01,W-09,15
S-014010,C-0134,2026-09-15,PH01,W-07,10
S-014011,C-0138,2026-09-15,CN01,W-04,30
S-014012,C-0141,2026-09-15,TR01,W-09,45
S-014013,C-0150,2026-09-15,PH01,W-01,15
S-014014,C-0152,2026-09-15,HV01 ,W-04,90
S-014015,C-0160,2026-09-15,FA02,W-13,45
S-014016,C-0160,2026-09-15,TR02 ,W-05,15
S-014017,C-0165,2026-09-15,CN01,W-10,30
S-014018,C-0169,2026-09-15,CN01,W-07,20
S-014019,C-0173,2026-09-15,CH02,W-04,120
S-014020,C-0199,2026-09-15,TR02,W-03,30
S-014021,C-0205,2026-09-15,CO02,W-12,50
S-014022,C-0208,2026-09-15,FA02,W-13,20
S-014023,C-0223,2026-09-15,PH01,W-06,5
S-014024,C-0224,2026-09-15,IN01,W-08,15
S-014025,C-0228,2026-09-15,HV01 ,W-06,45
S-014026,C-0238,2026-09-15,FA01,W-03,20
S-014027,C-0249,2026-09-15,HV01,W-05,45
S-014028,C-0255,2026-09-15,HV01,W-04,90
S-014029,C-0259,2026-09-15,RF01,W-10,30
S-014030,C-0262,2026-09-15,CN01,W-03,15
S-014031,C-0262,2026-09-15,TR02,W-03,15
S-014032,C-0009,2026-09-16,CO02,W-12,90
S-014033,C-0013,2026-09-16,CN01,W-09,30
S-014034,C-0015,2026-09-16,HV01,W-01,120
S-014035,C-0043,2026-09-16,FA01,W-02,30
S-014036,C-0047,2026-09-16,HV01,W-04,120
S-014037,C-0049,2026-09-16,PH01,W-05,20
S-014038,C-0051,2026-09-16,HV01,W-01,90
S-014039,C-0056,2026-09-16,PH01,W-01,5
S-014040,C-0066,2026-09-16,PH01,W-05,10
S-014041,C-0069,2026-09-16,PH01,W-09,5
S-014042,C-0086,2026-09-16,PH01,W-10,15
S-014043,C-0089,2026-09-16,PH01,W-06,10
S-014044,C-0091,2026-09-16,CH02,W-01,60
S-014045,C-0091,2026-09-16,FA02,W-13,20
S-014046,C-0114,2026-09-16,CN01,W-08,20
S-014047,C-0115,2026-09-16,PH01,W-04,5
S-014048,C-0128,2026-09-16,CN01,W-09,10
S-014049,C-0130,2026-09-16,PH01 ,W-04,15
S-014050,C-0133,2026-09-16,IN01,W-09,45
S-014051,C-0146,2026-09-16,TR01,W-08,15
S-014052,C-0147,2026-09-16,FA01,W-02,20
S-014053,C-0150,2026-09-16,PH01,W-01,10
S-014054,C-0156,2026-09-16,RF01,W-05,15
S-014055,C-0166,2026-09-16,HV01,W-01,60
S-014056,C-0189,2026-09-16,HV01,W-01,45
S-014057,C-0191,2026-09-16,CN01,W-05,20
S-014058,C-0197,2026-09-16,CO01,W-11,50
S-014059,C-0212,2026-09-16,IN01,W-04,20
S-014060,C-0230,2026-09-16,ID01,W-02,15
S-014061,C-0232,2026-09-16,ID01 ,W-01,45
S-014062,C-0241,2026-09-16,cn01,W-04,30
S-014063,C-0249,2026-09-16,CN01,W-02,10
S-014064,C-0251,2026-09-16,FA03,W-13,30
S-014065,C-0261,2026-09-16,id01,W-06,20
S-014066,C-0273,2026-09-16,CH02,W-06,120
S-014067,C-0273,2026-09-16,CO02,W-12,90
S-014068,C-0298,2026-09-16,IN01,W-07,20
S-014069,C-0298,2026-09-16,CH02,W-04,60
S-014070,C-0002,2026-09-17,TR01,W-08,30
S-014071,C-0005,2026-09-17,TR02,W-09,45
S-014072,C-0006,2026-09-17,CO01,W-11,60
S-014073,C-0007,2026-09-17,TR01,W-06,30
S-014074,C-0008,2026-09-17,CN01,W-09,20
S-014075,C-0008,2026-09-17,TR02,W-09,20
S-014076,C-0024,2026-09-17,PH01,W-08,15
S-014077,C-0049,2026-09-17,TR02,W-05,45
S-014078,C-0052,2026-09-17,CH02,W-02,45
S-014079,C-0064,2026-09-17,CH02,W-01,60
S-014080,C-0065,2026-09-17,CN01,W-02,30
S-014081,C-0065,2026-09-17,HV01 ,W-04,60
S-014082,C-0106,2026-09-17,PH01,W-03,15
S-014083,C-0106,2026-09-17,FA03,W-14,15
S-014084,C-0121,2026-09-17,HV01,W-01,45
S-014085,C-0124,2026-09-17,TR02,W-03,30
S-014086,C-0124,2026-09-17,HV01,W-04,90
S-014087,C-0134,2026-09-17,FA03,W-14,20
S-014088,C-0138,2026-09-17,HV01,W-01,90
S-014089,C-0144,2026-09-17,TR02,W-05,30
S-014090,C-0152,2026-09-17,FA01,W-08,15
S-014091,C-0178,2026-09-17,RF01,W-06,10
S-014092,C-0187,2026-09-17,CO01,W-12,90
S-014093,C-0208,2026-09-17,RF01,W-09,30
S-014094,C-0235,2026-09-17,FA02,W-13,15
S-014095,C-0246,2026-09-17,CH02,W-01,120
S-014096,C-0270,2026-09-17,FA02,W-14,15
S-014097,C-0281,2026-09-17,CO02,W-11,50
S-014098,C-0285,2026-09-17,TR01,W-08,20
S-014099,C-0285,2026-09-17,ID01,W-08,15
S-014100,C-0287,2026-09-17,PH01,W-06,10
S-014101,C-0289,2026-09-17,CN01,W-10,15
S-014102,C-0289,2026-09-17,FA01,W-10,45
S-014103,C-0002,2026-09-18,IN01,W-08,30
S-014104,C-0009,2026-09-18,CN01,W-05,30
S-014105,C-0018,2026-09-18,CN01,W-05,10
S-014106,C-0021,2026-09-18,IN01,W-07,30
S-014107,C-0035,2026-09-18,PH01,W-03,5
S-014108,C-0048,2026-09-18,PH01 ,W-02,15
S-014109,C-0055,2026-09-18,TR02 ,W-09,30
S-014110,C-0055,2026-09-18,CO01,W-11,50
S-014111,C-0082,2026-09-18,RF01,W-09,15
S-014112,C-0096,2026-09-18,CN01,W-07,30
S-014113,C-0127,2026-09-18,PH01,W-08,15
S-014114,C-0127,2026-09-18,CO02,W-12,90
S-014115,C-0128,2026-09-18,PH01,W-09,15
S-014116,C-0134,2026-09-18,FA03,W-13,15
S-014117,C-0138,2026-09-18,RF01,W-04,20
S-014118,C-0144,2026-09-18,CN01,W-05,15
S-014119,C-0148,2026-09-18,PH01,W-06,10
S-014120,C-0163,2026-09-18,CN01,W-01,15
S-014121,C-0172,2026-09-18,FA02,W-13,15
S-014122,C-0183,2026-09-18,PH01,W-05,20
S-014123,C-0184,2026-09-18,CN01,W-09,30
S-014124,C-0191,2026-09-18,CN01,W-05,30
S-014125,C-0197,2026-09-18,TR02,W-01,20
S-014126,C-0224,2026-09-18,ID01,W-08,20
S-014127,C-0238,2026-09-18,FA01,W-03,15
S-014128,C-0255,2026-09-18,HV01,W-02,45
S-014129,C-0255,2026-09-18,FA01,W-03,20
S-014130,C-0256,2026-09-18,CO01,W-12,90
S-014131,C-0273,2026-09-18,CO01,W-11,60
S-014132,C-0278,2026-09-18,CN01,W-02,10
S-014133,C-0279,2026-09-18,PH01,W-03,20
S-014134,C-0002,2026-09-19,CN01,W-08,30
S-014135,C-0004,2026-09-19,CO01,W-11,60
S-014136,C-0009,2026-09-19,FA03 ,W-13,45
S-014137,C-0009,2026-09-19,FA03,W-14,30
S-014138,C-0013,2026-09-19,TR02,W-09,30
S-014139,C-0016,2026-09-19,RF01,W-09,30
S-014140,C-0020,2026-09-19,TR01,W-08,30
S-014141,C-0040,2026-09-19,FA02,W-13,30
S-014142,C-0060,2026-09-19,ID01,W-07,20
S-014143,C-0065,2026-09-19,TR02,W-02,15
S-014144,C-0070,2026-09-19,FA03,W-13,15
S-014145,C-0071,2026-09-19,ph01,W-09,20
S-014146,C-0076,2026-09-19,PH01 ,W-08,10
S-014147,C-0091,2026-09-19,CN01,W-10,20
S-014148,C-0091,2026-09-19,FA01,W-10,30
S-014149,C-0098,2026-09-19,TR02,W-09,20
S-014150,C-0098,2026-09-19,HV01,W-01,45
S-014151,C-0105,2026-09-19,PH01,W-10,5
S-014152,C-0128,2026-09-19, hv01  ,W-03,45
S-014153,C-0131,2026-09-19,CO02,W-12,50
S-014154,C-0138,2026-09-19,CH02,W-01,60
S-014155,C-0144,2026-09-19,FA02,W-14,30
S-014156,C-0152,2026-09-19,hv01,W-01,120
S-014157,C-0156,2026-09-19,CH02,W-06,120
S-014158,C-0160,2026-09-19,FA03,W-13,20
S-014159,C-0171,2026-09-19,FA01,W-07,45
S-014160,C-0171,2026-09-19,IN01,W-07,20
S-014161,C-0187,2026-09-19,HV01,W-04,120
S-014162,C-0187,2026-09-19, co01  ,W-11,60
S-014163,C-0196,2026-09-19,CN01,W-05,10
S-014164,C-0200,2026-09-19,CN01 ,W-04,10
S-014165,C-0207,2026-09-19,HV01,W-01,120
S-014166,C-0208,2026-09-19,CN01,W-09,15
S-014167,C-0209,2026-09-19,CN01,W-05,15
S-014168,C-0239,2026-09-19,CN01,W-05,15
S-014169,C-0262,2026-09-19,HV01,W-04,120
S-014170,C-0278,2026-09-19, ph01  ,W-02,10
S-014171,C-0278,2026-09-19,RF01,W-02,15
S-014172,C-0279,2026-09-19,ID01,W-03,15
S-014173,C-0287,2026-09-19,HV01,W-04,120
S-014174,C-0005,2026-09-20,HV01,W-03,45
S-014175,C-0005,2026-09-20,CN01,W-09,15
S-014176,C-0007,2026-09-20,PH01,W-06,5
S-014177,C-0013,2026-09-20,,W-09,15
S-014178,C-0013,2026-09-20,TR01,W-09,30
S-014179,C-0014,2026-09-20,CN01,W-09,30
S-014180,C-0016,2026-09-20,TR02,W-09,15
S-014181,C-0017,2026-09-20,CO02,W-12,60
S-014182,C-0018,2026-09-20,CN01,W-05,30
S-014183,C-0037,2026-09-20,RF01,W-02,20
S-014184,C-0039,2026-09-20,CN01,W-06,10
S-014185,C-0039,2026-09-20,CH02,W-01,60
S-014186,C-0043,2026-09-20,FA03,W-13,15
S-014187,C-0063,2026-09-20,HV01,W-01,45
S-014188,C-0066,2026-09-20,TR02,W-05,15
S-014189,C-0067,2026-09-20,PH01,W-03,20
S-014190,C-0069,2026-09-20,CO02,W-12,90
S-014191,C-0070,2026-09-20,CN01,W-01,15
S-014192,C-0076,2026-09-20,CO01,W-12,90
S-014193,C-0082,2026-09-20,FA02,W-14,20
S-014194,C-0086,2026-09-20,FA02,W-13,20
S-014195,C-0087,2026-09-20,CN01,W-01,30
S-014196,C-0089,2026-09-20,PH01,W-06,10
S-014197,C-0096,2026-09-20,FA01,W-07,20
S-014198,C-0098,2026-09-20,CN01,W-09,20
S-014199,C-0105,2026-09-20,TR02,W-10,15
S-014200,C-0111,2026-09-20,RF01,W-01,15
S-014201,C-0121,2026-09-20,TR02,W-05,20
S-014202,C-0124,2026-09-20,IN01,W-03,45
S-014203,C-0146,2026-09-20,ID01,W-08,30
S-014204,C-0165,2026-09-20,CH02,W-03,45
S-014205,C-0172,2026-09-20,FA02,W-14,20
S-014206,C-0183,2026-09-20,HV01 ,W-03,45
S-014207,C-0188,2026-09-20,RF01,W-07,30
S-014208,C-0195,2026-09-20,PH01,W-07,20
S-014209,C-0197,2026-09-20,CN01 ,W-01,20
S-014210,C-0209,2026-09-20,RF01,W-05,15
S-014211,C-0209,2026-09-20,TR02,W-05,30
S-014212,C-0222,2026-09-20,IN01,W-05,15
S-014213,C-0226,2026-09-20,CO01,W-12,50
S-014214,C-0230,2026-09-20,HV01,W-02,60
S-014215,C-0238,2026-09-20,PH01,W-03,20
S-014216,C-0239,2026-09-20,IN01,W-05,15
S-014217,C-0259,2026-09-20,CN01,W-10,30
S-014218,C-0259,2026-09-20,TR02,W-10,20
S-014219,C-0281,2026-09-20,CH02,W-06,90
S-014220,C-0281,2026-09-20,TR02,W-01,20
S-014221,C-0299,2026-09-20,IN01,W-08,45
S-014222,C-0300,2026-09-20,CO02,W-12,90
S-014223,C-0300,2026-09-20,RF01 ,W-05,30
S-014224,C-0005,2026-09-21,FA02,W-13,45
S-014225,C-0006,2026-09-21,HV01,W-05,60
S-014226,C-0010,2026-09-21,CN01,W-01,20
S-014227,C-0015,2026-09-21,TR01,W-05,15
S-014228,C-0015,2026-09-21,CN01,W-05,30
S-014229,C-0016,2026-09-21,CN01,W-09,15
S-014230,C-0021,2026-09-21,HV01,W-04,60
S-014231,C-0035,2026-09-21,PH01,W-03,20
S-014232,C-0040,2026-09-21,PH01,W-02,5
S-014233,C-0043,2026-09-21,PH01,W-02,15
S-014234,C-0043,2026-09-21,RF01,W-02,20
S-014235,C-0060,2026-09-21,IN01,W-07,45
S-014236,C-0063,2026-09-21,PH01,W-06,10
S-014237,C-0063,2026-09-21,HV01,W-05,60
S-014238,C-0070,2026-09-21,FA02,W-13,15
S-014239,C-0074,2026-09-21,PH01,W-02,5
S-014240,C-0096,2026-09-21,CN01,W-07,20
S-014241,C-0105,2026-09-21,CN01,W-10,30
S-014242,C-0115,2026-09-21,CH02,W-06,120
S-014243,C-0144,2026-09-21,CN01,W-05,15
S-014244,C-0169,2026-09-21,PH01,W-07,15
S-014245,C-0179,2026-09-21,CN01,W-05,20
S-014246,C-0183,2026-09-21,FA03,W-13,30
S-014247,C-0188,2026-09-21,CH02,W-06,60
S-014248,C-0195,2026-09-21,FA03,W-13,20
S-014249,C-0223,2026-09-21,CN01,W-06,30
S-014250,C-0234,2026-09-21,TR01,W-07,15
S-014251,C-0238,2026-09-21,FA01,W-03,30
S-014252,C-0246,2026-09-21,PH01,W-10,5
S-014253,C-0255,2026-09-21,CN01,W-03,30
S-014254,C-0257,2026-09-21, cn01  ,W-05,15
S-014255,C-0259,2026-09-21,PH01,W-10,20
S-014256,C-0278,2026-09-21,RF01,W-02,20
S-014257,C-0279,2026-09-21,CH02,W-01,60
S-014258,C-0280,2026-09-21,RF01,W-04,20
S-014259,C-0284,2026-09-21,CN01,W-08,10
S-014260,C-0289,2026-09-21,FA02,W-14,45
S-014261,C-0299,2026-09-21,TR02,W-08,45
S-014262,C-0002,2026-09-22, in01  ,W-08,20
S-014263,C-0004,2026-09-22,PH01,W-07,10
S-014264,C-0006,2026-09-22,CO02,W-12,90
S-014265,C-0007,2026-09-22,CH02,W-06,90
S-014266,C-0010,2026-09-22,RF01,W-01,15
S-014267,C-0018,2026-09-22,PH01,W-05,20
S-014268,C-0021,2026-09-22,CN01,W-07,20
S-014268,C-0021,2026-09-22,CN01,W-07,20
S-014269,C-0025,2026-09-22,PH01,W-10,20
S-014270,C-0028,2026-09-22,ID01,W-06,45
S-014271,C-0029,2026-09-22,CO02,W-11,50
S-014272,C-0029,2026-09-22,CO02,W-12,60
S-014273,C-0035,2026-09-22,HV01,W-06,60
S-014274,C-0035,2026-09-22,CO01,W-11,90
S-014275,C-0035,2026-09-22,CN01,W-03,20
S-014276,C-0055,2026-09-22,CN01,W-09,30
S-014277,C-0064,2026-09-22,CN01,W-03,15
S-014278,C-0071,2026-09-22,CO02,W-12,90
S-014279,C-0096,2026-09-22,CN01,W-07,15
S-014280,C-0105,2026-09-22,CN01,W-10,15
S-014281,C-0127,2026-09-22,ID01,W-08,30
S-014282,C-0127,2026-09-22,CH02,W-03,45
S-014283,C-0128,2026-09-22,CN01,W-09,30
S-014284,C-0131,2026-09-22,CO01,W-11,90
S-014285,C-0160,2026-09-22,FA03,W-13,30
S-014286,C-0173,2026-09-22,TR02,W-04,20
S-014287,C-0187,2026-09-22,PH01,W-06,15
S-014288,C-0208,2026-09-22,co02,W-11,90
S-014289,C-0226,2026-09-22,CN01,W-04,20
S-014290,C-0226,2026-09-22,HV01,W-01,120
S-014291,C-0229,2026-09-22,RF01,W-02,20
S-014292,C-0236,2026-09-22,hv01,W-02,120
S-014293,C-0246,2026-09-22,CN01,W-10,10
S-014294,C-0255,2026-09-22,CH02,W-05,60
S-014295,C-0259,2026-09-22,HV01,W-05,45
S-014296,C-0259,2026-09-22,PH01,W-10,5
S-014297,C-0284,2026-09-22,RF01,W-08,30
S-014298,C-0285,2026-09-22,FA03,W-14,30
S-014299,C-0300,2026-09-22,IN01,W-05,15
S-014300,C-0001,2026-09-23,CN01,W-04,15
S-014301,C-0008,2026-09-23,FA02 ,W-14,30
S-014302,C-0013,2026-09-23,PH01,W-09,15
S-014303,C-0016,2026-09-23,HV01,W-06,45
S-014304,C-0024,2026-09-23,CN01,W-08,15
S-014305,C-0025,2026-09-23,hv01,W-04,90
S-014306,C-0034,2026-09-23,FA02,W-14,30
S-014307,C-0055,2026-09-23,ID01 ,W-09,45
S-014308,C-0063,2026-09-23,ID01,W-06,20
S-014309,C-0069,2026-09-23,CH02,W-03,120
S-014310,C-0070,2026-09-23,FA01,W-01,45
S-014311,C-0071,2026-09-23,HV01,W-01,60
S-014312,C-0073,2026-09-23,CN01,W-02,10
S-014313,C-0082,2026-09-23,FA02,W-14,45
S-014314,C-0091,2026-09-23,PH01,W-10,5
S-014315,C-0092,2026-09-23,CO01,W-11,90
S-014316,C-0096,2026-09-23,CN01,W-07,10
S-014317,C-0105,2026-09-23,CN01,W-10,20
S-014318,C-0126,2026-09-23,HV01,W-04,45
S-014319,C-0141,2026-09-23,CN01,W-09,15
S-014320,C-0142,2026-09-23,PH01,W-02,5
S-014321,C-0146,2026-09-23,CH02,W-02,120
S-014322,C-0150,2026-09-23,PH01,W-01,10
S-014323,C-0151,2026-09-23,IN01,W-02,30
S-014324,C-0151,2026-09-23,HV01,W-03,60
S-014325,C-0151,2026-09-23,CN01,W-02,10
S-014326,C-0159,2026-09-23,RF01,W-07,10
S-014327,C-0183,2026-09-23,PH01,W-05,15
S-014328,C-0187,2026-09-23,RF01,W-06,20
S-014329,C-0189,2026-09-23,CO02,W-11,60
S-014330,C-0191,2026-09-23,CN01,W-05,20
S-014331,C-0194,2026-09-23,PH01,W-02,15
S-014332,C-0194,2026-09-23,PH01,W-02,15
S-014333,C-0195,2026-09-23,TR02,W-07,20
S-014334,C-0199,2026-09-23,HV01,W-05,90
S-014335,C-0208,2026-09-23,CN01,W-09,10
S-014336,C-0212,2026-09-23,HV01,W-03,90
S-014337,C-0226,2026-09-23,CO01,W-12,90
S-014338,C-0227,2026-09-23,FA01,W-08,15
S-014339,C-0238,2026-09-23,FA01,W-03,30
S-014340,C-0255,2026-09-23,RF01,W-03,15
S-014341,C-0270,2026-09-23,HV01,W-03,120
S-014342,C-0277,2026-09-23,CN01,W-01,20
S-014343,C-0277,2026-09-23,PH01,W-01,15
S-014344,C-0280,2026-09-23,PH01,W-04,10
S-014345,C-0287,2026-09-23,CO01,W-11,90
S-014346,C-0002,2026-09-24,FA02,W-13,20
S-014347,C-0005,2026-09-24,CN01,W-09,20
S-014348,C-0006,2026-09-24,FA02,W-13,45
S-014349,C-0015,2026-09-24,CN01,W-05,30
S-014350,C-0017,2026-09-24,HV01,W-01,45
S-014351,C-0018,2026-09-24,CH02,W-06,120
S-014352,C-0021,2026-09-24,FA03,W-14,30
S-014353,C-0028,2026-09-24,IN01,W-06,45
S-014354,C-0048,2026-09-24,FA01,W-02,30
S-014355,C-0049,2026-09-24,RF01,W-05,15
S-014356,C-0051,2026-09-24,FA01,W-07,45
S-014357,C-0052,2026-09-24,FA02,W-14,45
S-014358,C-0071,2026-09-24,TR01,W-09,20
S-014359,C-0073,2026-09-24,PH01,W-02,5
S-014360,C-0088,2026-09-24,HV01,W-06,90
S-014361,C-0088,2026-09-24,CN01,W-06,20
S-014362,C-0096,2026-09-24,ID01,W-07,20
S-014363,C-0097,2026-09-24,HV01,W-05,90
S-014364,C-0097,2026-09-24,HV01,W-04,120
S-014365,C-0098,2026-09-24,PH01,W-09,10
S-014366,C-0105,2026-09-24,RF01,W-10,10
S-014367,C-0120,2026-09-24,PH01 ,W-10,5
S-014368,C-0121,2026-09-24,CN01,W-05,20
S-014369,C-0133,2026-09-24,HV01,W-02,60
S-014370,C-0134,2026-09-24,PH01 ,W-07,10
S-014371,C-0144,2026-09-24,HV01,W-06,60
S-014372,C-0150,2026-09-24,TR01,W-01,20
S-014373,C-0150,2026-09-24,TR01 ,W-01,15
S-014374,C-0163,2026-09-24,HV01,W-02,90
S-014375,C-0166,2026-09-24,CH02,W-02,120
S-014376,C-0168,2026-09-24,ph01,W-04,10
S-014377,C-0180,2026-09-24,HV01,W-03,90
S-014378,C-0184,2026-09-24,PH01 ,W-09,10
S-014379,C-0187,2026-09-24,CH02,W-05,90
S-014380,C-0193,2026-09-24,CN01,W-01,15
S-014381,C-0194,2026-09-24,IN01,W-02,20
S-014382,C-0199,2026-09-24,HV01,W-06,120
S-014383,C-0200,2026-09-24,CN01,W-04,20
S-014384,C-0205,2026-09-24,CO02,W-12,60
S-014385,C-0209,2026-09-24,CN01,W-05,15
S-014386,C-0216,2026-09-24,CN01 ,W-09,10
S-014387,C-0217,2026-09-24,CN01,W-01,10
S-014388,C-0227,2026-09-24,CN01,W-08,30
S-014389,C-0227,2026-09-24,CN01,W-08,30
S-014390,C-0232,2026-09-24,ID01,W-01,15
S-014391,C-0246,2026-09-24,CO02,W-11,50
S-014392,C-0270,2026-09-24,PH01,W-08,15
S-014393,C-0273,2026-09-24,FA01,W-01,15
S-014394,C-0284,2026-09-24,RF01,W-08,30
S-014395,C-0287,2026-09-24,cn01,W-06,15
S-014396,C-0289,2026-09-24,FA02,W-14,30
S-014397,C-0300,2026-09-24,CO02,W-12,90
S-014398,C-0001,2026-09-25,HV01,W-04,60
S-014399,C-0013,2026-09-25,HV01,W-03,45
S-014400,C-0015,2026-09-25,CO02,W-12,60
S-014401,C-0039,2026-09-25,HV01,W-05,90
S-014402,C-0044,2026-09-25,CN01,W-03,30
S-014403,C-0048,2026-09-25,HV01,W-01,120
S-014404,C-0056,2026-09-25,CO02,W-12,60
S-014405,C-0058,2026-09-25,CN01,W-09,15
S-014406,C-0065,2026-09-25,TR02,W-02,20
S-014407,C-0066,2026-09-25,CH02 ,W-01,60
S-014408,C-0071,2026-09-25,CH02,W-06,90
S-014409,C-0088,2026-09-25,RF01,W-06,15
S-014410,C-0089,2026-09-25,TR01,W-06,30
S-014411,C-0098,2026-09-25,CN01,W-09,15
S-014412,C-0103,2026-09-25,TR01,W-06,30
S-014413,C-0106,2026-09-25,PH01,W-03,10
S-014414,C-0111,2026-09-25,PH01,W-01,15
S-014415,C-0121,2026-09-25,CN01,W-05,30
S-014416,C-0128,2026-09-25,HV01,W-04,120
S-014417,C-0141,2026-09-25,FA03,W-14,15
S-014418,C-0144,2026-09-25,FA03,W-14,20
S-014419,C-0152,2026-09-25,CN01,W-08,15
S-014420,C-0156,2026-09-25,CN01,W-05,15
S-014421,C-0161,2026-09-25,CN01,W-08,20
S-014422,C-0171,2026-09-25,HV01 ,W-06,90
S-014423,C-0171,2026-09-25,PH01,W-07,10
S-014424,C-0174,2026-09-25,FA01,W-02,20
S-014425,C-0182,2026-09-25,TR02,W-05,20
S-014426,C-0188,2026-09-25,CN01,W-07,20
S-014427,C-0191,2026-09-25,RF01,W-05,20
S-014428,C-0193,2026-09-25,CN01 ,W-01,30
S-014429,C-0194,2026-09-25,TR01,W-02,45
S-014430,C-0197,2026-09-25,CO01,W-12,60
S-014431,C-0199,2026-09-25,PH01,W-03,5
S-014432,C-0199,2026-09-25,CN01 ,W-03,30
S-014433,C-0200,2026-09-25,CN01,W-04,20
S-014434,C-0204,2026-09-25,CN01,W-04,15
S-014435,C-0221,2026-09-25,HV01,W-05,45
S-014436,C-0239,2026-09-25,RF01,W-05,10
S-014437,C-0239,2026-09-25,TR01,W-05,30
S-014438,C-0246,2026-09-25,PH01,W-10,20
S-014439,C-0248,2026-09-25,FA01,W-04,30
S-014440,C-0257,2026-09-25,HV01,W-05,45
S-014441,C-0264,2026-09-25,FA01,W-08,20
S-014442,C-0270,2026-09-25,HV01,W-01,45
S-014443,C-0271,2026-09-25,CH02,W-02,60
S-014444,C-0281,2026-09-25,PH01,W-01,10
S-014445,C-0293,2026-09-25,CN01,W-01,10
S-014446,C-0295,2026-09-25,CH02,W-03,90
S-014447,C-0295,2026-09-25,CN01,W-04,10
S-014448,C-0295,2026-09-25,HV01,W-04,60
S-014449,C-0298,2026-09-25,FA03,W-13,45
S-014450,C-0001,2026-09-26,PH01,W-04,5
S-014451,C-0002,2026-09-26,CN01,W-08,15
S-014452,C-0005,2026-09-26,CN01,W-09,10
S-014453,C-0007,2026-09-26,HV01,W-06,120
S-014454,C-0018,2026-09-26,CH02,W-02,90
S-014454,C-0018,2026-09-26,CH02,W-02,90
S-014455,C-0019,2026-09-26,ID01,W-09,15
S-014456,C-0021,2026-09-26,CN01,W-07,30
S-014457,C-0024,2026-09-26,IN01,W-08,15
S-014458,C-0037,2026-09-26,CH02,W-03,120
S-014459,C-0039,2026-09-26,CN01,W-06,20
S-014460,C-0041,2026-09-26,tr01,W-05,20
S-014461,C-0041,2026-09-26,RF01,W-05,15
S-014462,C-0051,2026-09-26,FA01 ,W-07,30
S-014463,C-0060,2026-09-26,HV01,W-03,90
S-014464,C-0061,2026-09-26,PH01,W-06,15
S-014465,C-0074,2026-09-26,HV01,W-05,120
S-014466,C-0074,2026-09-26,HV01,W-01,60
S-014467,C-0105,2026-09-26,PH01,W-10,15
S-014468,C-0118,2026-09-26,CO02,W-11,60
S-014469,C-0138,2026-09-26,PH01,W-04,10
S-014470,C-0159,2026-09-26,TR02,W-07,45
S-014471,C-0168,2026-09-26,CO01,W-11,90
S-014472,C-0172,2026-09-26,PH01,W-06,15
S-014473,C-0178,2026-09-26,CN01,W-06,15
S-014474,C-0182,2026-09-26,HV01,W-05,120
S-014475,C-0184,2026-09-26,PH01,W-09,20
S-014476,C-0184,2026-09-26,CN01,W-09,30
S-014477,C-0194,2026-09-26,CN01,W-02,15
S-014478,C-0196,2026-09-26,PH01 ,W-05,10
S-014479,C-0196,2026-09-26,HV01,W-06,120
S-014480,C-0199,2026-09-26,HV01,W-01,45
S-014481,C-0222,2026-09-26,CH02,W-05,90
S-014482,C-0261,2026-09-26,CH02,W-06,60
S-014483,C-0272,2026-09-26,FA02,W-14,30
S-014484,C-0287,2026-09-26,CN01,W-06,20
S-014485,C-0296,2026-09-26,ID01,W-10,45
S-014486,C-0299,2026-09-26,IN01,W-08,20
S-014487,C-0010,2026-09-27,IN01,W-01,20
S-014488,C-0014,2026-09-27,CN01,W-09,15
S-014489,C-0014,2026-09-27,FA02,W-14,15
S-014490,C-0017,2026-09-27,IN01,W-09,30
S-014491,C-0017,2026-09-27,FA03,W-13,15
S-014492,C-0025,2026-09-27,ID01,W-10,15
S-014493,C-0028,2026-09-27,FA01,W-06,20
S-014494,C-0035,2026-09-27,CN01,W-03,15
S-014495,C-0040,2026-09-27,CO02,W-11,90
S-014496,C-0040,2026-09-27,IN01,W-02,20
S-014497,C-0052,2026-09-27,HV01,W-01,90
S-014498,C-0061,2026-09-27,TR02,W-06,30
S-014499,C-0066,2026-09-27,TR01,W-05,15
S-014500,C-0087,2026-09-27,ID01,W-01,30
S-014501,C-0100,2026-09-27,CN01,W-09,10
S-014502,C-0106,2026-09-27,HV01,W-03,90
S-014503,C-0106,2026-09-27,IN01,W-03,15
S-014504,C-0106,2026-09-27,HV01,W-06,60
S-014505,C-0111,2026-09-27,CN01,W-01,10
S-014506,C-0121,2026-09-27,FA02,W-13,20
S-014507,C-0124,2026-09-27,CN01,W-03,20
S-014508,C-0124,2026-09-27,IN01,W-03,15
S-014508,C-0124,2026-09-27,IN01,W-03,15
S-014509,C-0138,2026-09-27,PH01,W-04,20
S-014510,C-0144,2026-09-27,CN01,W-05,20
S-014511,C-0156,2026-09-27,HV01,W-04,90
S-014512,C-0161,2026-09-27,PH01,W-08,5
S-014513,C-0172,2026-09-27,PH01,W-06,15
S-014514,C-0173,2026-09-27,CN01,W-04,10
S-014515,C-0179,2026-09-27,PH01,W-05,20
S-014516,C-0187,2026-09-27,PH01,W-06,10
S-014517,C-0187,2026-09-27,CH02,W-02,45
S-014518,C-0195,2026-09-27,RF01 ,W-07,15
S-014519,C-0199,2026-09-27,TR02,W-03,30
S-014520,C-0208,2026-09-27,CN01,W-09,30
S-014521,C-0212,2026-09-27,CN01,W-04,30
S-014522,C-0224,2026-09-27,ID01,W-08,15
S-014523,C-0226,2026-09-27,HV01,W-04,120
S-014524,C-0229,2026-09-27,PH01,W-02,10
S-014525,C-0238,2026-09-27,IN01,W-03,30
S-014526,C-0239,2026-09-27,RF01,W-05,15
S-014527,C-0248,2026-09-27,TR02,W-04,45
S-014528,C-0255,2026-09-27,TR02,W-03,30
S-014529,C-0256,2026-09-27,CO02,W-11,60
S-014530,C-0265,2026-09-27,CN01,W-10,10
S-014531,C-0277,2026-09-27,IN01,W-01,15
S-014532,C-0285,2026-09-27,HV01,W-05,45
S-014533,C-0298,2026-09-27,HV01,W-04,60
S-014534,C-0001,2026-09-28,FA01,W-04,15
S-014535,C-0007,2026-09-28,TR01,W-06,45
S-014536,C-0024,2026-09-28,ph01,W-08,10
S-014537,C-0029,2026-09-28,CH02,W-02,60
S-014538,C-0034,2026-09-28,rf01,W-03,15
S-014539,C-0044,2026-09-28,CH02,W-01,90
S-014540,C-0044,2026-09-28,TR02,W-03,30
S-014541,C-0056,2026-09-28,PH01,W-01,15
S-014542,C-0060,2026-09-28,IN01,W-07,15
S-014543,C-0061,2026-09-28,TR02,W-06,15
S-014544,C-0064,2026-09-28,RF01,W-03,20
S-014545,C-0065,2026-09-28,ID01,W-02,45
S-014546,C-0067,2026-09-28,CO02,W-11,90
S-014547,C-0087,2026-09-28,CO01,W-11,90
S-014548,C-0088,2026-09-28,FA01,W-06,45
S-014549,C-0091,2026-09-28,CH02,W-04,45
S-014550,C-0096,2026-09-28,FA01,W-07,30
S-014551,C-0097,2026-09-28,RF01,W-09,30
S-014552,C-0111,2026-09-28,CO01,W-12,60
S-014553,C-0114,2026-09-28,CO02,W-12,90
S-014554,C-0118,2026-09-28,CN01,W-07,15
S-014555,C-0138,2026-09-28,CN01,W-04,10
S-014556,C-0152,2026-09-28,CN01,W-08,10
S-014557,C-0163,2026-09-28,HV01,W-06,60
S-014558,C-0165,2026-09-28,CN01,W-10,20
S-014559,C-0171,2026-09-28,CN01,W-07,10
S-014560,C-0180,2026-09-28,PH01,W-02,10
S-014561,C-0183,2026-09-28,PH01,W-05,10
S-014562,C-0184,2026-09-28,HV01,W-04,45
S-014563,C-0186,2026-09-28,CO02,W-12,90
S-014564,C-0188,2026-09-28,PH01,W-07,20
S-014565,C-0193,2026-09-28,CN01,W-01,30
S-014566,C-0194,2026-09-28,CN01,W-02,30
S-014567,C-0194,2026-09-28,CN01,W-02,10
S-014568,C-0200,2026-09-28,CH02,W-01,45
S-014569,C-0205,2026-09-28,TR02,W-04,30
S-014570,C-0208,2026-09-28,FA03,W-13,30
S-014571,C-0209,2026-09-28,CN01,W-05,15
S-014572,C-0217,2026-09-28,HV01,W-02,45
S-014573,C-0217,2026-09-28,CH02,W-03,45
S-014574,C-0217,2026-09-28,PH01,W-01,15
S-014575,C-0228,2026-09-28,FA02,W-13,20
S-014576,C-0233,2026-09-28,CH02,W-05,45
S-014577,C-0233,2026-09-28,HV01,W-06,60
S-014578,C-0245,2026-09-28,CH02,W-05,90
S-014579,C-0256,2026-09-28,PH01,W-03,5
S-014580,C-0270,2026-09-28,IN01,W-08,45
S-014581,C-0271,2026-09-28,CN01,W-02,30
S-014582,C-0273,2026-09-28,CN01,W-01,10
S-014583,C-0280,2026-09-28,CH02,W-02,90
S-014584,C-0289,2026-09-28,fa02,W-13,30
S-014585,C-0295,2026-09-28,TR01,W-04,20
S-014586,C-0298,2026-09-28,TR02,W-07,45
S-014587,C-0002,2026-09-29,CN01,W-08,30
S-014588,C-0007,2026-09-29,FA03 ,W-14,20
S-014589,C-0014,2026-09-29,FA01,W-09,30
S-014590,C-0019,2026-09-29,PH01,W-09,15
S-014591,C-0024,2026-09-29,HV01,W-04,120
S-014592,C-0037,2026-09-29,PH01,W-02,20
S-014593,C-0051,2026-09-29,CN01,W-07,30
S-014594,C-0060,2026-09-29,ph01,W-07,15
S-014595,C-0061,2026-09-29,ch02,W-02,45
S-014596,C-0061,2026-09-29,CH02,W-06,60
S-014597,C-0071,2026-09-29,TR01,W-09,15
S-014598,C-0074,2026-09-29,FA03,W-14,20
S-014599,C-0095,2026-09-29,ID01,W-06,45
S-014600,C-0104,2026-09-29,CH02,W-05,60
S-014601,C-0105,2026-09-29,CN01,W-10,30
S-014602,C-0120,2026-09-29,CN01,W-10,10
S-014603,C-0124,2026-09-29,ID01,W-03,20
S-014604,C-0133,2026-09-29,HV01,W-03,90
S-014605,C-0161,2026-09-29,FA01,W-08,15
S-014606,C-0166,2026-09-29,CO01,W-11,60
S-014607,C-0168,2026-09-29,PH01,W-04,10
S-014608,C-0182,2026-09-29,CO02,W-12,50
S-014609,C-0183,2026-09-29,FA02,W-14,45
S-014610,C-0194,2026-09-29,HV01,W-02,90
S-014611,C-0196,2026-09-29,TR02,W-05,30
S-014612,C-0200,2026-09-29,co02,W-12,90
S-014613,C-0228,2026-09-29,CN01,W-02,10
S-014614,C-0248,2026-09-29,PH01,W-04,10
S-014615,C-0256,2026-09-29,CN01,W-03,20
S-014616,C-0265,2026-09-29,HV01,W-03,90
S-014617,C-0265,2026-09-29,RF01,W-10,15
S-014618,C-0271,2026-09-29,IN01,W-02,45
S-014619,C-0271,2026-09-29,HV01,W-06,90
S-014620,C-0277,2026-09-29,FA01,W-01,30
S-014621,C-0278,2026-09-29,IN01,W-02,30
S-014622,C-0287,2026-09-29,TR02,W-06,30
S-014623,C-0295,2026-09-29,HV01,W-03,120
S-014624,C-0298,2026-09-29,PH01,W-07,5
S-014625,C-0024,2026-09-30,PH01,W-08,5
S-014626,C-0051,2026-09-30,ch02,W-06,120
S-014627,C-0089,2026-09-30,CO02,W-12,50
S-014628,C-0103,2026-09-30,PH01,W-06,15
S-014629,C-0120,2026-09-30,CN01,W-10,15
S-014630,C-0121,2026-09-30,TR02 ,W-05,15
S-014631,C-0141,2026-09-30,ID01,W-09,45
S-014632,C-0165,2026-09-30,CH02,W-04,45
S-014633,C-0172,2026-09-30,FA02,W-14,20
S-014634,C-0178,2026-09-30,PH01,W-06,15
S-014635,C-0212,2026-09-30,FA01,W-04,15
S-014636,C-0233,2026-09-30,HV01,W-06,45
S-014637,C-0241,2026-09-30,CO01,W-11,90
S-014638,C-0287,2026-09-30,CO01,W-12,90
