WorkerID,Name,Role
W-01,Amara Okafor,Community Help Worker
W-02,Ben Tremblay,Community Help Worker
W-03,Chloe Nguyen,Community Help Worker
W-04,Dev Patel,Community Help Worker
W-05,Elena Rossi,Community Help Worker
W-06,Farid Haddad,Community Help Worker
W-07,Grace Kim,Case Manager
W-08,Hugo Lefebvre,Case Manager
W-09,Isla MacDonald,Case Manager
W-10,Jonah Whitehorse,Case Manager
W-11,Keisha Brown,Counsellor
W-12,Liam O'Connor,Counsellor
W-13,Maya Singh,Housing Navigator
W-14,Noah Fischer,Housing Navigator
